obs_id,minute,hours_emersed,date,time_sample,region,site,substrate,replicate,upperlimit,treatment,laser_mllw,height_above_mllw,max_tide_height,max_tide_height_m,x_max_tide_height,tide_site
1,526.0178571428571,8.766964285714286,june 21 2012,1,gulfislands,RuckleGI,bench,1,1.98,1,4.451281333,2.471281333,361.4928,3.614928,0.683632242,fulford
10,535.6785714285714,8.92797619047619,june 21 2012,1,gulfislands,RuckleGI,bench,10,1.96,2,4.451281333,2.491281333,361.4928,3.614928,0.689164856,fulford
100,688.9107142857143,11.48184523809524,june 21 2012,1,gulfislands,WelburyGI,bench,9,0.3,2,3.286125571,2.986125571,367.8936,3.678936,0.811681848,ganges
101,558.4642857142857,9.307738095238095,june 21 2012,1,gulfislands,WelburyGI,cobble,6,0.67,1,3.286125571,2.616125571,367.8936,3.678936,0.711109291,ganges
102,609.2857142857143,10.154761904761905,june 21 2012,1,gulfislands,WelburyGI,cobble,7,0.56,1,3.286125571,2.726125571,367.8936,3.678936,0.741009241,ganges
103,677.5,11.291666666666666,june 21 2012,1,gulfislands,WelburyGI,bench,10,0.34,2,3.286125571,2.946125571,367.8936,3.678936,0.800809139,ganges
104,688.9107142857143,11.48184523809524,june 21 2012,1,gulfislands,WelburyGI,bench,11,0.3,1,3.286125571,2.986125571,367.8936,3.678936,0.811681848,ganges
105,639.6428571428571,10.660714285714285,june 21 2012,1,gulfislands,WelburyGI,bench,12,0.46,1,3.286125571,2.826125571,367.8936,3.678936,0.768191013,ganges
106,310.14814814814815,5.169135802469136,Aug 29 2012,2,gulfislands,WelburyGI,cobble,1,1.73,2,3.546559078,1.816559078,495.6048,4.956048,0.366533794,ganges
107,309.3018867924528,5.15503144654088,Aug 29 2012,2,gulfislands,WelburyGI,cobble,2,1.76,1,3.546559078,1.786559078,367.8936,3.678936,0.485618417,ganges
108,308.28846153846155,5.138141025641025,Aug 29 2012,2,gulfislands,WelburyGI,cobble,3,1.79,1,3.546559078,1.756559078,367.8936,3.678936,0.477463886,ganges
109,308.28846153846155,5.138141025641025,Aug 29 2012,2,gulfislands,WelburyGI,cobble,4,1.79,1,3.546559078,1.756559078,367.8936,3.678936,0.477463886,ganges
11,432.69642857142856,7.211607142857143,june 21 2012,1,gulfislands,RuckleGI,bench,11,2.2,2,4.451281333,2.251281333,361.4928,3.614928,0.622773492,fulford
110,312.31481481481484,5.205246913580248,Aug 29 2012,2,gulfislands,WelburyGI,cobble,5,1.72,1,3.546559078,1.826559078,367.8936,3.678936,0.496491126,ganges
111,339.07272727272726,5.651212121212121,Aug 29 2012,2,gulfislands,WelburyGI,cobble,6,1.58,1,3.546559078,1.966559078,367.8936,3.678936,0.534545607,ganges
112,316.7037037037037,5.278395061728395,Aug 29 2012,2,gulfislands,WelburyGI,cobble,7,1.7,1,3.546559078,1.846559078,367.8936,3.678936,0.501927481,ganges
113,303.8076923076923,5.063461538461539,Aug 29 2012,2,gulfislands,WelburyGI,cobble,8,1.81,2,3.546559078,1.736559078,367.8936,3.678936,0.472027531,ganges
114,310.14814814814815,5.169135802469136,Aug 29 2012,2,gulfislands,WelburyGI,cobble,9,1.73,2,3.546559078,1.816559078,367.8936,3.678936,0.493772949,ganges
115,312.31481481481484,5.205246913580248,Aug 29 2012,2,gulfislands,WelburyGI,cobble,10,1.72,1,3.546559078,1.826559078,367.8936,3.678936,0.496491126,ganges
116,435.98214285714283,7.2663690476190474,Aug 29 2012,2,gulfislands,WelburyGI,bench,1,1.22,1,3.546559078,2.326559078,367.8936,3.678936,0.632399987,ganges
117,435.98214285714283,7.2663690476190474,Aug 29 2012,2,gulfislands,WelburyGI,bench,2,1.22,1,3.546559078,2.326559078,367.8936,3.678936,0.632399987,ganges
118,496.64285714285717,8.277380952380954,Aug 29 2012,2,gulfislands,WelburyGI,bench,3,1.07,2,3.546559078,2.476559078,367.8936,3.678936,0.673172645,ganges
119,612.8392857142857,10.213988095238095,Aug 29 2012,2,gulfislands,WelburyGI,bench,4,0.81,1,3.546559078,2.736559078,367.8936,3.678936,0.743845252,ganges
12,620.5714285714286,10.342857142857143,june 21 2012,1,gulfislands,RuckleGI,bench,12,1.76,1,4.451281333,2.691281333,361.4928,3.614928,0.744490992,fulford
120,546.1785714285714,9.102976190476191,Aug 29 2012,2,gulfislands,WelburyGI,bench,5,0.96,2,3.546559078,2.586559078,367.8936,3.678936,0.703072594,ganges
121,612.8392857142857,10.213988095238095,Aug 29 2012,2,gulfislands,WelburyGI,bench,6,0.81,2,3.546559078,2.736559078,367.8936,3.678936,0.743845252,ganges
122,652.375,10.872916666666667,Aug 29 2012,2,gulfislands,WelburyGI,bench,7,0.68,1,3.546559078,2.866559078,367.8936,3.678936,0.779181556,ganges
123,669.1785714285714,11.15297619047619,Aug 29 2012,2,gulfislands,WelburyGI,bench,8,0.63,2,3.546559078,2.916559078,367.8936,3.678936,0.792772442,ganges
124,600.3214285714286,10.005357142857143,Aug 29 2012,2,gulfislands,WelburyGI,bench,9,0.84,2,3.546559078,2.706559078,367.8936,3.678936,0.735690721,ganges
125,527.3571428571429,8.789285714285715,Aug 29 2012,2,gulfislands,WelburyGI,bench,10,1,2,3.546559078,2.546559078,367.8936,3.678936,0.692199885,ganges
126,295.625,4.927083333333333,Aug 29 2012,2,gulfislands,SookesGI1,cobble,1,1.29,1,2.850313827,1.560313827,361.4928,3.614928,0.431630679,fulford
127,303.0208333333333,5.050347222222222,Aug 29 2012,2,gulfislands,SookesGI1,cobble,2,1.26,2,2.850313827,1.590313827,361.4928,3.614928,0.439929599,fulford
128,287.30434782608694,4.788405797101449,Aug 29 2012,2,gulfislands,SookesGI1,cobble,3,1.37,1,2.850313827,1.480313827,361.4928,3.614928,0.409500224,fulford
129,300.0408163265306,5.000680272108843,Aug 29 2012,2,gulfislands,SookesGI1,cobble,4,1.25,1,2.850313827,1.600313827,361.4928,3.614928,0.442695906,fulford
13,625.4642857142857,10.42440476190476,june 21 2012,1,gulfislands,SheepfarmGI1,bench,1,1.3,1,4.006638333,2.706638333,361.4928,3.614928,0.74873921,fulford
130,290.375,4.839583333333334,Aug 29 2012,2,gulfislands,SookesGI1,cobble,5,1.31,1,2.850313827,1.540313827,361.4928,3.614928,0.426098065,fulford
131,289.7173913043478,4.828623188405797,Aug 29 2012,2,gulfislands,SookesGI1,cobble,6,1.36,1,2.850313827,1.490313827,361.4928,3.614928,0.412266531,fulford
132,275.69565217391306,4.594927536231884,Aug 29 2012,2,gulfislands,SookesGI1,cobble,7,1.42,2,2.850313827,1.430313827,361.4928,3.614928,0.39566869,fulford
133,283.5,4.725,Aug 29 2012,2,gulfislands,SookesGI1,cobble,8,1.44,1,2.850313827,1.410313827,361.4928,3.614928,0.390136077,fulford
134,263.8863636363636,4.39810606060606,Aug 29 2012,2,gulfislands,SookesGI1,cobble,9,1.52,2,2.850313827,1.330313827,361.4928,3.614928,0.368005622,fulford
135,273.97727272727275,4.566287878787879,Aug 29 2012,2,gulfislands,SookesGI1,cobble,10,1.48,2,2.850313827,1.370313827,361.4928,3.614928,0.379070849,fulford
136,255.38636363636363,4.256439393939393,Aug 29 2012,2,gulfislands,SookesGI1,cobble,11,1.55,2,2.850313827,1.300313827,361.4928,3.614928,0.359706702,fulford
137,255.38636363636363,4.256439393939393,Aug 29 2012,2,gulfislands,SookesGI1,cobble,12,1.55,2,2.850313827,1.300313827,361.4928,3.614928,0.359706702,fulford
138,698.75,11.645833333333334,Aug 29 2012,2,gulfislands,SookesGI2,bench,1,0.55,2,3.503547292,2.953547292,361.4928,3.614928,0.817041803,fulford
139,701.6428571428571,11.694047619047618,Aug 29 2012,2,gulfislands,SookesGI2,bench,2,0.54,2,3.503547292,2.963547292,361.4928,3.614928,0.81980811,fulford
14,666.8392857142857,11.113988095238094,june 21 2012,1,gulfislands,SheepfarmGI1,bench,2,1.16,1,4.006638333,2.846638333,361.4928,3.614928,0.787467505,fulford
140,661.3571428571429,11.022619047619049,Aug 29 2012,2,gulfislands,SookesGI2,bench,3,0.67,1,3.503547292,2.833547292,361.4928,3.614928,0.783846122,fulford
141,701.6428571428571,11.694047619047618,Aug 29 2012,2,gulfislands,SookesGI2,bench,4,0.54,2,3.503547292,2.963547292,361.4928,3.614928,0.81980811,fulford
142,677.8392857142857,11.297321428571427,Aug 29 2012,2,gulfislands,SookesGI2,bench,5,0.62,2,3.503547292,2.883547292,361.4928,3.614928,0.797677656,fulford
143,610.5892857142857,10.176488095238094,Aug 29 2012,2,gulfislands,SookesGI2,bench,6,0.84,2,3.503547292,2.663547292,361.4928,3.614928,0.736818906,fulford
144,708.7678571428571,11.812797619047618,Aug 29 2012,2,gulfislands,SookesGI2,bench,7,0.52,2,3.503547292,2.983547292,361.4928,3.614928,0.825340724,fulford
145,661.3571428571429,11.022619047619049,Aug 29 2012,2,gulfislands,SookesGI2,bench,8,0.67,2,3.503547292,2.833547292,361.4928,3.614928,0.783846122,fulford
146,671.9107142857143,11.198511904761906,Aug 29 2012,2,gulfislands,SookesGI2,bench,9,0.64,2,3.503547292,2.863547292,361.4928,3.614928,0.792145042,fulford
147,721.9107142857143,12.031845238095238,Aug 29 2012,2,gulfislands,SookesGI2,bench,10,0.48,2,3.503547292,3.023547292,361.4928,3.614928,0.836405951,fulford
148,338.8363636363636,5.6472727272727266,Aug 29 2012,2,gulfislands,EagleCoveGI,cobble,1,1.98,1,3.885011582,1.905011582,361.4928,3.614928,0.526984654,fulford
149,329.51851851851853,5.491975308641975,Aug 29 2012,2,gulfislands,EagleCoveGI,cobble,2,2.04,1,3.885011582,1.845011582,361.4928,3.614928,0.510386813,fulford
15,602.0714285714286,10.03452380952381,june 21 2012,1,gulfislands,SheepfarmGI1,bench,3,1.36,1,4.006638333,2.646638333,361.4928,3.614928,0.732141369,fulford
150,310.6470588235294,5.177450980392156,Aug 29 2012,2,gulfislands,EagleCoveGI,cobble,3,2.2,1,3.885011582,1.685011582,361.4928,3.614928,0.466125904,fulford
151,305.94117647058823,5.099019607843137,Aug 29 2012,2,gulfislands,EagleCoveGI,cobble,4,2.22,1,3.885011582,1.665011582,361.4928,3.614928,0.46059329,fulford
152,308.2549019607843,5.137581699346405,Aug 29 2012,2,gulfislands,EagleCoveGI,cobble,5,2.21,2,3.885011582,1.675011582,361.4928,3.614928,0.463359597,fulford
153,305.94117647058823,5.099019607843137,Aug 29 2012,2,gulfislands,EagleCoveGI,cobble,6,2.22,1,3.885011582,1.665011582,361.4928,3.614928,0.46059329,fulford
154,301.38775510204084,5.023129251700681,Aug 29 2012,2,gulfislands,EagleCoveGI,cobble,7,2.28,1,3.885011582,1.605011582,361.4928,3.614928,0.443995449,fulford
155,634.0178571428571,10.566964285714285,Aug 29 2012,2,gulfislands,EagleCoveGI,bench,1,1.14,2,3.885011582,2.745011582,361.4928,3.614928,0.759354427,fulford
156,658.1428571428571,10.969047619047618,Aug 29 2012,2,gulfislands,EagleCoveGI,bench,2,1.06,2,3.885011582,2.825011582,361.4928,3.614928,0.781484882,fulford
157,696.25,11.604166666666666,Aug 29 2012,2,gulfislands,EagleCoveGI,bench,3,0.94,2,3.885011582,2.945011582,361.4928,3.614928,0.814680564,fulford
158,629.4642857142857,10.491071428571427,Aug 29 2012,2,gulfislands,EagleCoveGI,bench,4,1.16,2,3.885011582,2.725011582,361.4928,3.614928,0.753821814,fulford
159,722.3571428571429,12.039285714285715,Aug 29 2012,2,gulfislands,EagleCoveGI,bench,5,0.86,2,3.885011582,3.025011582,361.4928,3.614928,0.836811019,fulford
16,629.8392857142857,10.497321428571428,june 21 2012,1,gulfislands,SheepfarmGI1,bench,4,1.28,1,4.006638333,2.726638333,361.4928,3.614928,0.754271823,fulford
160,666.1428571428571,11.102380952380951,Aug 29 2012,2,gulfislands,EagleCoveGI,bench,6,1.04,2,3.885011582,2.845011582,361.4928,3.614928,0.787017496,fulford
161,709.2678571428571,11.821130952380951,Aug 29 2012,2,gulfislands,EagleCoveGI,bench,7,0.9,1,3.885011582,2.985011582,361.4928,3.614928,0.825745791,fulford
162,702.1428571428571,11.702380952380953,Aug 29 2012,2,gulfislands,EagleCoveGI,bench,8,0.92,1,3.885011582,2.965011582,361.4928,3.614928,0.820213178,fulford
163,713.6071428571429,11.89345238095238,Aug 29 2012,2,gulfislands,EagleCoveGI,bench,9,0.89,2,3.885011582,2.995011582,361.4928,3.614928,0.828512098,fulford
164,730.0714285714286,12.167857142857143,Aug 29 2012,2,gulfislands,EagleCoveGI,bench,10,0.83,2,3.885011582,3.055011582,361.4928,3.614928,0.845109939,fulford
165,407.57142857142856,6.792857142857143,Aug 29 2012,2,gulfislands,SheepfarmGI,cobble,1,1.7,1,3.876746419,2.176746419,361.4928,3.614928,0.602154848,fulford
166,401.98214285714283,6.69970238095238,Aug 29 2012,2,gulfislands,SheepfarmGI,cobble,2,1.72,1,3.876746419,2.156746419,361.4928,3.614928,0.596622234,fulford
167,427.60714285714283,7.126785714285714,Aug 29 2012,2,gulfislands,SheepfarmGI,cobble,3,1.64,2,3.876746419,2.236746419,361.4928,3.614928,0.618752689,fulford
168,443.23214285714283,7.38720238095238,Aug 29 2012,2,gulfislands,SheepfarmGI,cobble,4,1.6,1,3.876746419,2.276746419,361.4928,3.614928,0.629817916,fulford
169,414.875,6.914583333333334,Aug 29 2012,2,gulfislands,SheepfarmGI,cobble,5,1.68,2,3.876746419,2.196746419,361.4928,3.614928,0.607687461,fulford
17,651.9821428571429,10.866369047619049,june 21 2012,1,gulfislands,SheepfarmGI1,bench,5,1.2,1,4.006638333,2.806638333,361.4928,3.614928,0.776402278,fulford
170,476.80357142857144,7.94672619047619,Aug 29 2012,2,gulfislands,SheepfarmGI,cobble,6,1.52,2,3.876746419,2.356746419,361.4928,3.614928,0.65194837,fulford
171,467.85714285714283,7.7976190476190474,Aug 29 2012,2,gulfislands,SheepfarmGI,cobble,7,1.54,2,3.876746419,2.336746419,361.4928,3.614928,0.646415757,fulford
172,451.89285714285717,7.531547619047619,Aug 29 2012,2,gulfislands,SheepfarmGI,cobble,8,1.58,2,3.876746419,2.296746419,361.4928,3.614928,0.635350529,fulford
173,476.80357142857144,7.94672619047619,Aug 29 2012,2,gulfislands,SheepfarmGI,cobble,9,1.52,2,3.876746419,2.356746419,361.4928,3.614928,0.65194837,fulford
174,396.32142857142856,6.605357142857143,Aug 29 2012,2,gulfislands,SheepfarmGI,cobble,10,1.74,1,3.876746419,2.136746419,361.4928,3.614928,0.59108962,fulford
175,434.82142857142856,7.247023809523809,Aug 29 2012,2,gulfislands,SheepfarmGI,cobble,11,1.62,2,3.876746419,2.256746419,361.4928,3.614928,0.624285302,fulford
176,451.89285714285717,7.531547619047619,Aug 29 2012,2,gulfislands,SheepfarmGI,cobble,12,1.58,1,3.876746419,2.296746419,361.4928,3.614928,0.635350529,fulford
177,662.7857142857143,11.046428571428573,Aug 29 2012,2,gulfislands,SheepfarmGI,bench,1,1.04,2,3.876746419,2.836746419,361.4928,3.614928,0.784731098,fulford
178,670.0357142857143,11.167261904761906,Aug 29 2012,2,gulfislands,SheepfarmGI,bench,2,1.02,2,3.876746419,2.856746419,361.4928,3.614928,0.790263712,fulford
179,568.625,9.477083333333333,Aug 29 2012,2,gulfislands,SheepfarmGI,bench,3,1.3,2,3.876746419,2.576746419,361.4928,3.614928,0.712807121,fulford
18,684.6785714285714,11.411309523809525,june 21 2012,1,gulfislands,SheepfarmGI1,bench,6,1.1,1,4.006638333,2.906638333,361.4928,3.614928,0.804065346,fulford
180,696.8214285714286,11.613690476190476,Aug 29 2012,2,gulfislands,SheepfarmGI,bench,4,0.93,2,3.876746419,2.946746419,361.4928,3.614928,0.815160473,fulford
181,696.8214285714286,11.613690476190476,Aug 29 2012,2,gulfislands,SheepfarmGI,bench,5,0.93,2,3.876746419,2.946746419,361.4928,3.614928,0.815160473,fulford
182,726.3392857142857,12.105654761904761,Aug 29 2012,2,gulfislands,RuckleGI,bench,1,1.18,1,4.220090318,3.040090318,361.4928,3.614928,0.84098226,fulford
183,700.6428571428571,11.677380952380952,Aug 29 2012,2,gulfislands,RuckleGI,bench,2,1.26,1,4.220090318,2.960090318,361.4928,3.614928,0.818851805,fulford
184,637.5,10.625,Aug 29 2012,2,gulfislands,RuckleGI,bench,3,1.46,1,4.220090318,2.760090318,361.4928,3.614928,0.763525669,fulford
185,649.6785714285714,10.82797619047619,Aug 29 2012,2,gulfislands,RuckleGI,bench,4,1.42,1,4.220090318,2.800090318,361.4928,3.614928,0.774590896,fulford
186,694.9464285714286,11.582440476190476,Aug 29 2012,2,gulfislands,RuckleGI,bench,5,1.28,1,4.220090318,2.940090318,361.4928,3.614928,0.813319191,fulford
187,731.3928571428571,12.189880952380951,Aug 29 2012,2,gulfislands,RuckleGI,bench,6,1.16,1,4.220090318,3.060090318,361.4928,3.614928,0.846514873,fulford
188,726.3392857142857,12.105654761904761,Aug 29 2012,2,gulfislands,RuckleGI,bench,7,1.18,1,4.220090318,3.040090318,361.4928,3.614928,0.84098226,fulford
189,670.9821428571429,11.183035714285715,Aug 29 2012,2,gulfislands,RuckleGI,bench,8,1.36,2,4.220090318,2.860090318,361.4928,3.614928,0.791188737,fulford
19,634.4107142857143,10.573511904761906,june 21 2012,1,gulfislands,SheepfarmGI1,bench,7,1.26,1,4.006638333,2.746638333,361.4928,3.614928,0.759804437,fulford
190,639.7857142857143,10.66309523809524,Aug 29 2012,2,gulfislands,RuckleGI,bench,9,1.45,2,4.220090318,2.770090318,361.4928,3.614928,0.766291975,fulford
191,588.5714285714286,9.809523809523808,Aug 29 2012,2,gulfislands,RuckleGI,bench,10,1.6,1,4.220090318,2.620090318,361.4928,3.614928,0.724797373,fulford
192,682.8392857142857,11.380654761904761,Aug 29 2012,2,gulfislands,RuckleGI,bench,11,1.32,1,4.220090318,2.900090318,361.4928,3.614928,0.802253964,fulford
193,637.5,10.625,Aug 29 2012,2,gulfislands,RuckleGI,bench,12,1.46,2,4.220090318,2.760090318,361.4928,3.614928,0.763525669,fulford
194,389.7142857142857,6.495238095238095,june 19 2012,1,outer coast,CrabInnTofino,cobble,1,2.38,1,4.625902215,2.245902215,418.1856,4.181856,0.537058716,tofino
195,422.25,7.0375,june 19 2012,1,outer coast,CrabInnTofino,cobble,2,2.28,1,4.625902215,2.345902215,418.1856,4.181856,0.560971543,tofino
196,399.48214285714283,6.658035714285714,june 19 2012,1,outer coast,CrabInnTofino,cobble,3,2.35,1,4.625902215,2.275902215,418.1856,4.181856,0.544232564,tofino
197,415.82142857142856,6.930357142857143,june 19 2012,1,outer coast,CrabInnTofino,cobble,4,2.3,1,4.625902215,2.325902215,418.1856,4.181856,0.556188978,tofino
198,376.51785714285717,6.2752976190476195,june 19 2012,1,outer coast,CrabInnTofino,cobble,5,2.42,1,4.625902215,2.205902215,418.1856,4.181856,0.527493585,tofino
199,396.19642857142856,6.6032738095238095,june 19 2012,1,outer coast,CrabInnTofino,cobble,6,2.36,2,4.625902215,2.265902215,418.1856,4.181856,0.541841282,tofino
2,499.6607142857143,8.32767857142857,june 21 2012,1,gulfislands,RuckleGI,bench,2,2.04,1,4.451281333,2.411281333,361.4928,3.614928,0.667034401,fulford
20,629.8392857142857,10.497321428571428,june 21 2012,1,gulfislands,SheepfarmGI1,bench,8,1.28,1,4.006638333,2.726638333,361.4928,3.614928,0.754271823,fulford
200,363.14285714285717,6.052380952380953,june 19 2012,1,outer coast,CrabInnTofino,cobble,7,2.46,2,4.625902215,2.165902215,418.1856,4.181856,0.517928454,tofino
201,383.0357142857143,6.383928571428571,june 19 2012,1,outer coast,CrabInnTofino,cobble,8,2.4,1,4.625902215,2.225902215,418.1856,4.181856,0.532276151,tofino
202,399.48214285714283,6.658035714285714,june 19 2012,1,outer coast,CrabInnTofino,cobble,9,2.35,2,4.625902215,2.275902215,418.1856,4.181856,0.544232564,tofino
203,392.94642857142856,6.549107142857142,june 19 2012,1,outer coast,CrabInnTofino,cobble,10,2.37,2,4.625902215,2.255902215,418.1856,4.181856,0.539449999,tofino
204,409.17857142857144,6.819642857142857,june 19 2012,1,outer coast,CrabInnTofino,cobble,11,2.32,2,4.625902215,2.305902215,418.1856,4.181856,0.551406413,tofino
205,363.14285714285717,6.052380952380953,june 19 2012,1,outer coast,CrabInnTofino,cobble,12,2.46,1,4.625902215,2.165902215,418.1856,4.181856,0.517928454,tofino
206,628.0535714285714,10.467559523809523,june 19 2012,1,outer coast,CrabInnTofino,bench,1,1.62,1,4.625902215,3.005902215,418.1856,4.181856,0.718796203,tofino
207,585.1964285714286,9.75327380952381,june 19 2012,1,outer coast,CrabInnTofino,bench,2,1.78,1,4.625902215,2.845902215,418.1856,4.181856,0.68053568,tofino
208,557.0535714285714,9.284226190476192,june 19 2012,1,outer coast,CrabInnTofino,bench,3,1.88,1,4.625902215,2.745902215,418.1856,4.181856,0.656622852,tofino
209,499.125,8.31875,june 19 2012,1,outer coast,CrabInnTofino,bench,4,2.06,1,4.625902215,2.565902215,418.1856,4.181856,0.613579763,tofino
21,658.8214285714286,10.980357142857143,june 21 2012,1,gulfislands,SheepfarmGI1,bench,9,1.18,1,4.006638333,2.826638333,361.4928,3.614928,0.781934891,fulford
210,585.1964285714286,9.75327380952381,june 19 2012,1,outer coast,CrabInnTofino,bench,5,1.78,1,4.625902215,2.845902215,418.1856,4.181856,0.68053568,tofino
211,632.8571428571429,10.547619047619047,june 19 2012,1,outer coast,CrabInnTofino,bench,6,1.6,2,4.625902215,3.025902215,418.1856,4.181856,0.723578769,tofino
212,665.7857142857143,11.096428571428572,june 19 2012,1,outer coast,CrabInnTofino,bench,7,1.48,2,4.625902215,3.145902215,418.1856,4.181856,0.752274161,tofino
213,620.0535714285714,10.33422619047619,june 19 2012,1,outer coast,CrabInnTofino,bench,8,1.65,2,4.625902215,2.975902215,418.1856,4.181856,0.711622355,tofino
214,595.3035714285714,9.92172619047619,june 19 2012,1,outer coast,CrabInnTofino,bench,9,1.74,2,4.625902215,2.885902215,418.1856,4.181856,0.69010081,tofino
215,606.8571428571429,10.114285714285716,june 19 2012,1,outer coast,CrabInnTofino,bench,10,1.7,2,4.625902215,2.925902215,418.1856,4.181856,0.699665941,tofino
216,600.9464285714286,10.01577380952381,june 19 2012,1,outer coast,CrabInnTofino,bench,11,1.72,2,4.625902215,2.905902215,418.1856,4.181856,0.694883376,tofino
217,612.7857142857143,10.213095238095239,june 19 2012,1,outer coast,CrabInnTofino,bench,12,1.68,2,4.625902215,2.945902215,418.1856,4.181856,0.704448507,tofino
218,604.3392857142857,10.072321428571428,june 19 2012,1,outer coast,MotelTofino,cobble,1,0.82,2,3.736834552,2.916834552,418.1856,4.181856,0.697497607,tofino
219,615.3214285714286,10.255357142857143,june 19 2012,1,outer coast,MotelTofino,cobble,2,0.78,1,3.736834552,2.956834552,418.1856,4.181856,0.707062738,tofino
22,238.4418604651163,3.9740310077519383,june 21 2012,1,gulfislands,SheepfarmGI2,bench,10,1.12,2,2.341210911,1.221210911,361.4928,3.614928,0.337824408,fulford
220,625.2678571428571,10.421130952380953,june 19 2012,1,outer coast,MotelTofino,cobble,3,0.74,2,3.736834552,2.996834552,418.1856,4.181856,0.716627869,tofino
221,641.2321428571429,10.687202380952382,june 19 2012,1,outer coast,MotelTofino,cobble,4,0.68,1,3.736834552,3.056834552,418.1856,4.181856,0.730975565,tofino
222,658.25,10.970833333333333,june 19 2012,1,outer coast,MotelTofino,cobble,5,0.62,1,3.736834552,3.116834552,418.1856,4.181856,0.745323261,tofino
223,674.9821428571429,11.249702380952382,june 19 2012,1,outer coast,MotelTofino,cobble,6,0.56,2,3.736834552,3.176834552,418.1856,4.181856,0.759670958,tofino
224,658.25,10.970833333333333,june 19 2012,1,outer coast,MotelTofino,cobble,7,0.62,2,3.736834552,3.116834552,418.1856,4.181856,0.745323261,tofino
225,663.5357142857143,11.058928571428572,june 19 2012,1,outer coast,MotelTofino,cobble,8,0.6,2,3.736834552,3.136834552,418.1856,4.181856,0.750105827,tofino
226,635.7142857142857,10.595238095238095,june 19 2012,1,outer coast,MotelTofino,cobble,9,0.7,1,3.736834552,3.036834552,418.1856,4.181856,0.726193,tofino
227,620.2142857142857,10.33690476190476,june 19 2012,1,outer coast,MotelTofino,cobble,10,0.76,1,3.736834552,2.976834552,418.1856,4.181856,0.711845303,tofino
228,625.2678571428571,10.421130952380953,june 19 2012,1,outer coast,MotelTofino,cobble,11,0.74,2,3.736834552,2.996834552,418.1856,4.181856,0.716627869,tofino
229,625.2678571428571,10.421130952380953,june 19 2012,1,outer coast,MotelTofino,cobble,12,0.74,1,3.736834552,2.996834552,418.1856,4.181856,0.716627869,tofino
23,311.9622641509434,5.19937106918239,june 21 2012,1,gulfislands,SheepfarmGI2,bench,11,0.6,2,2.341210911,1.741210911,361.4928,3.614928,0.481672363,fulford
230,635.7142857142857,10.595238095238095,june 19 2012,1,outer coast,MotelTofino,bench,1,0.7,2,3.736834552,3.036834552,418.1856,4.181856,0.726193,tofino
231,658.25,10.970833333333333,june 19 2012,1,outer coast,MotelTofino,bench,2,0.62,1,3.736834552,3.116834552,418.1856,4.181856,0.745323261,tofino
232,689.0535714285714,11.48422619047619,june 19 2012,1,outer coast,MotelTofino,bench,3,0.5,2,3.736834552,3.236834552,418.1856,4.181856,0.774018654,tofino
233,695,11.583333333333334,june 19 2012,1,outer coast,MotelTofino,boulder,1,0.48,2,3.736834552,3.256834552,418.1856,4.181856,0.778801219,tofino
234,689.0535714285714,11.48422619047619,june 19 2012,1,outer coast,MotelTofino,bench,4,0.5,2,3.736834552,3.236834552,418.1856,4.181856,0.774018654,tofino
235,674.9821428571429,11.249702380952382,june 19 2012,1,outer coast,MotelTofino,bench,5,0.56,1,3.736834552,3.176834552,418.1856,4.181856,0.759670958,tofino
236,704.1428571428571,11.735714285714286,june 19 2012,1,outer coast,MotelTofino,bench,6,0.445,2,3.736834552,3.291834552,418.1856,4.181856,0.787170709,tofino
237,635.7142857142857,10.595238095238095,june 19 2012,1,outer coast,MotelTofino,boulder,2,0.7,2,3.736834552,3.036834552,418.1856,4.181856,0.726193,tofino
238,674.9821428571429,11.249702380952382,june 19 2012,1,outer coast,MotelTofino,boulder,3,0.56,2,3.736834552,3.176834552,418.1856,4.181856,0.759670958,tofino
239,615.3214285714286,10.255357142857143,june 19 2012,1,outer coast,MotelTofino,boulder,4,0.78,2,3.736834552,2.956834552,418.1856,4.181856,0.707062738,tofino
24,215.9090909090909,3.5984848484848486,june 21 2012,1,gulfislands,SheepfarmGI2,bench,12,1.38,2,2.341210911,0.961210911,361.4928,3.614928,0.26590043,fulford
240,663.5357142857143,11.058928571428572,june 19 2012,1,outer coast,MotelTofino,boulder,5,0.6,2,3.736834552,3.136834552,418.1856,4.181856,0.750105827,tofino
241,622.3571428571429,10.372619047619049,june 20 2012,1,outer coast,BiosphereTrustTofino,bench,1,0.7,1,3.685135325,2.985135325,418.1856,4.181856,0.713830253,tofino
242,590,9.833333333333334,june 20 2012,1,outer coast,BiosphereTrustTofino,bench,2,0.82,1,3.685135325,2.865135325,418.1856,4.181856,0.68513486,tofino
243,654.6071428571429,10.910119047619048,june 20 2012,1,outer coast,BiosphereTrustTofino,bench,3,0.58,2,3.685135325,3.105135325,418.1856,4.181856,0.742525645,tofino
244,654.6071428571429,10.910119047619048,june 20 2012,1,outer coast,BiosphereTrustTofino,bench,4,0.58,2,3.685135325,3.105135325,418.1856,4.181856,0.742525645,tofino
245,676.8035714285714,11.280059523809523,june 20 2012,1,outer coast,BiosphereTrustTofino,bench,5,0.5,2,3.685135325,3.185135325,418.1856,4.181856,0.761655907,tofino
246,713.8392857142857,11.897321428571427,june 20 2012,1,outer coast,AquariumUkie1,bench,1,0.48,2,3.700276745,3.220276745,406.2984,4.062984,0.792589079,ucluelet
247,704.2678571428571,11.737797619047619,june 20 2012,1,outer coast,AquariumUkie1,bench,2,0.52,2,3.700276745,3.180276745,406.2984,4.062984,0.782744098,ucluelet
248,713.8392857142857,11.897321428571427,june 20 2012,1,outer coast,AquariumUkie1,bench,3,0.48,2,3.700276745,3.220276745,406.2984,4.062984,0.792589079,ucluelet
249,713.8392857142857,11.897321428571427,june 20 2012,1,outer coast,AquariumUkie1,bench,4,0.48,2,3.700276745,3.220276745,406.2984,4.062984,0.792589079,ucluelet
25,250.32558139534885,4.172093023255814,june 21 2012,1,gulfislands,SheepfarmGI2,bench,13,1.08,2,2.341210911,1.261210911,361.4928,3.614928,0.348889635,fulford
250,704.2678571428571,11.737797619047619,june 20 2012,1,outer coast,AquariumUkie1,bench,5,0.52,2,3.700276745,3.180276745,406.2984,4.062984,0.782744098,ucluelet
251,699.5357142857143,11.658928571428572,june 20 2012,1,outer coast,AquariumUkie1,bench,6,0.54,2,3.700276745,3.160276745,406.2984,4.062984,0.777821607,ucluelet
252,311.09090909090907,5.184848484848485,june 20 2012,1,outer coast,AquariumUkie2,cobble,1,0.64,.,2.608464086,1.968464086,406.2984,4.062984,0.484487285,ucluelet
253,393.375,6.55625,june 20 2012,1,outer coast,AquariumUkie2,cobble,2,0.42,.,2.608464086,2.188464086,406.2984,4.062984,0.53863468,ucluelet
254,555.7857142857143,9.26309523809524,june 20 2012,1,outer coast,AquariumUkie3,cobble,3,0.42,1,3.069729046,2.649729046,406.2984,4.062984,0.652163298,ucluelet
255,383.35714285714283,6.389285714285714,june 20 2012,1,outer coast,AquariumUkie3,cobble,4,0.91,1,3.069729046,2.159729046,406.2984,4.062984,0.531562282,ucluelet
256,536.1071428571429,8.935119047619049,june 20 2012,1,outer coast,AquariumUkie3,cobble,5,0.48,1,3.069729046,2.589729046,406.2984,4.062984,0.637395827,ucluelet
257,435.48214285714283,7.258035714285714,june 20 2012,1,outer coast,AquariumUkie3,cobble,6,0.76,1,3.069729046,2.309729046,406.2984,4.062984,0.56848096,ucluelet
258,617.6964285714286,10.294940476190476,june 20 2012,1,outer coast,AquariumUkie3,cobble,7,0.2,1,3.069729046,2.869729046,406.2984,4.062984,0.706310693,ucluelet
259,604.375,10.072916666666666,june 20 2012,1,outer coast,AquariumUkie3,cobble,8,0.25,2,3.069729046,2.819729046,406.2984,4.062984,0.694004467,ucluelet
26,238.4418604651163,3.9740310077519383,june 21 2012,1,gulfislands,SheepfarmGI2,bench,14,1.12,2,2.341210911,1.221210911,361.4928,3.614928,0.337824408,fulford
260,536.3571428571429,8.939285714285715,june 20 2012,1,outer coast,ToquartBay1,bench,1,2.37,2,4.945850858,2.575850858,403.86,4.0386,0.637807869,stopper
261,645.4107142857143,10.75684523809524,june 20 2012,1,outer coast,ToquartBay1,bench,2,2,2,4.945850858,2.945850858,403.86,4.0386,0.729423775,stopper
262,619.9464285714286,10.332440476190476,june 20 2012,1,outer coast,ToquartBay1,bench,3,2.09,2,4.945850858,2.855850858,403.86,4.0386,0.707138825,stopper
263,619.9464285714286,10.332440476190476,june 20 2012,1,outer coast,ToquartBay1,bench,4,2.09,2,4.945850858,2.855850858,403.86,4.0386,0.707138825,stopper
264,619.9464285714286,10.332440476190476,june 20 2012,1,outer coast,ToquartBay1,bench,5,2.09,2,4.945850858,2.855850858,403.86,4.0386,0.707138825,stopper
265,619.9464285714286,10.332440476190476,june 20 2012,1,outer coast,ToquartBay1,bench,6,2.09,2,4.945850858,2.855850858,403.86,4.0386,0.707138825,stopper
266,597.3035714285714,9.955059523809524,june 20 2012,1,outer coast,ToquartBay1,bench,7,2.17,2,4.945850858,2.775850858,403.86,4.0386,0.68732998,stopper
267,630.8928571428571,10.514880952380953,june 20 2012,1,outer coast,ToquartBay1,bench,8,2.05,2,4.945850858,2.895850858,403.86,4.0386,0.717043247,stopper
268,590.8392857142857,9.847321428571428,june 20 2012,1,outer coast,ToquartBay1,bench,9,2.19,2,4.945850858,2.755850858,403.86,4.0386,0.682377769,stopper
269,616.9642857142857,10.282738095238095,june 20 2012,1,outer coast,ToquartBay1,bench,10,2.1,2,4.945850858,2.845850858,403.86,4.0386,0.704662719,stopper
27,241.9512195121951,4.032520325203252,june 21 2012,1,gulfislands,SheepfarmGI2,bench,15,1.14,2,2.341210911,1.201210911,361.4928,3.614928,0.332291794,fulford
270,606.0892857142857,10.101488095238095,june 20 2012,1,outer coast,ToquartBay1,bench,11,2.14,2,4.945850858,2.805850858,403.86,4.0386,0.694758297,stopper
271,587.9107142857143,9.798511904761906,june 20 2012,1,outer coast,ToquartBay1,bench,12,2.2,2,4.945850858,2.745850858,403.86,4.0386,0.679901664,stopper
272,553.3928571428571,9.223214285714285,june 20 2012,1,outer coast,ToquartBay2,cobble,1,1.32,2,3.946421518,2.626421518,403.86,4.0386,0.650329698,stopper
273,622.625,10.377083333333333,june 20 2012,1,outer coast,ToquartBay2,cobble,2,1.08,2,3.946421518,2.866421518,403.86,4.0386,0.709756232,stopper
274,628.1785714285714,10.469642857142857,june 20 2012,1,outer coast,ToquartBay2,cobble,3,1.06,2,3.946421518,2.886421518,403.86,4.0386,0.714708443,stopper
275,691.7857142857143,11.529761904761905,june 20 2012,1,outer coast,ToquartBay2,cobble,4,0.84,2,3.946421518,3.106421518,403.86,4.0386,0.769182766,stopper
276,652.1607142857143,10.869345238095239,june 20 2012,1,outer coast,ToquartBay2,cobble,5,0.98,2,3.946421518,2.966421518,403.86,4.0386,0.734517288,stopper
277,645.5714285714286,10.75952380952381,june 20 2012,1,outer coast,ToquartBay2,cobble,6,1,2,3.946421518,2.946421518,403.86,4.0386,0.729565076,stopper
278,674.9285714285714,11.248809523809523,june 20 2012,1,outer coast,ToquartBay2,cobble,7,0.9,1,3.946421518,3.046421518,403.86,4.0386,0.754326132,stopper
279,663.6785714285714,11.061309523809523,june 20 2012,1,outer coast,ToquartBay2,cobble,8,0.94,1,3.946421518,3.006421518,403.86,4.0386,0.74442171,stopper
28,250.32558139534885,4.172093023255814,june 21 2012,1,gulfislands,SheepfarmGI2,bench,16,1.08,2,2.341210911,1.261210911,361.4928,3.614928,0.348889635,fulford
280,652.1607142857143,10.869345238095239,june 20 2012,1,outer coast,ToquartBay2,cobble,9,0.98,1,3.946421518,2.966421518,403.86,4.0386,0.734517288,stopper
281,652.1607142857143,10.869345238095239,june 20 2012,1,outer coast,ToquartBay2,cobble,10,0.98,1,3.946421518,2.966421518,403.86,4.0386,0.734517288,stopper
282,655.1964285714286,10.919940476190476,june 20 2012,1,outer coast,ToquartBay2,cobble,11,0.97,1,3.946421518,2.976421518,403.86,4.0386,0.736993393,stopper
283,634.1071428571429,10.568452380952381,june 20 2012,1,outer coast,ToquartBay2,cobble,12,1.04,1,3.946421518,2.906421518,403.86,4.0386,0.719660654,stopper
284,640.8035714285714,10.680059523809524,Aug 30 2012,2,outer coast,BiosphereTrustTofino,bench,1,1.45,2,4.505011277,3.055011277,361.4928,3.614928,0.845109855,tofino
285,660.6785714285714,11.011309523809524,Aug 30 2012,2,outer coast,BiosphereTrustTofino,bench,2,1.38,2,4.505011277,3.125011277,418.1856,4.181856,0.747278547,tofino
286,681.1607142857143,11.352678571428573,Aug 30 2012,2,outer coast,BiosphereTrustTofino,bench,3,1.3,2,4.505011277,3.205011277,418.1856,4.181856,0.766408809,tofino
287,691.5,11.525,Aug 30 2012,2,outer coast,BiosphereTrustTofino,bench,4,1.26,2,4.505011277,3.245011277,418.1856,4.181856,0.77597394,tofino
288,671.1428571428571,11.185714285714285,Aug 30 2012,2,outer coast,BiosphereTrustTofino,bench,5,1.34,2,4.505011277,3.165011277,418.1856,4.181856,0.756843678,tofino
289,683.4821428571429,11.391369047619047,Aug 30 2012,2,outer coast,BiosphereTrustTofino,bench,6,1.29,2,4.505011277,3.215011277,418.1856,4.181856,0.768800092,tofino
29,255.86046511627907,4.264341085271318,june 21 2012,1,gulfislands,SheepfarmGI2,bench,17,1.06,2,2.341210911,1.281210911,361.4928,3.614928,0.354422249,fulford
290,674.6071428571429,11.243452380952382,Aug 30 2012,2,outer coast,BiosphereTrustTofino,bench,7,1.33,2,4.505011277,3.175011277,418.1856,4.181856,0.759234961,tofino
291,654.5892857142857,10.909821428571428,Aug 30 2012,2,outer coast,BiosphereTrustTofino,bench,8,1.4,2,4.505011277,3.105011277,418.1856,4.181856,0.742495982,tofino
292,627.6785714285714,10.461309523809524,Aug 30 2012,2,outer coast,BiosphereTrustTofino,bench,9,1.5,2,4.505011277,3.005011277,418.1856,4.181856,0.718583155,tofino
293,600.7321428571429,10.012202380952381,Aug 30 2012,2,outer coast,BiosphereTrustTofino,bench,10,1.6,1,4.505011277,2.905011277,418.1856,4.181856,0.694670327,tofino
294,635.1607142857143,10.586011904761905,Aug 30 2012,2,outer coast,BiosphereTrustTofino,bench,11,1.47,1,4.505011277,3.035011277,418.1856,4.181856,0.725757003,tofino
295,666.1428571428571,11.102380952380951,Aug 30 2012,2,outer coast,MotelTofino,bench,1,0.74,1,3.887306411,3.147306411,418.1856,4.181856,0.752609944,tofino
296,703.2142857142857,11.720238095238095,Aug 30 2012,2,outer coast,MotelTofino,bench,2,0.6,2,3.887306411,3.287306411,418.1856,4.181856,0.786087902,tofino
297,649.5892857142857,10.826488095238094,Aug 30 2012,2,outer coast,MotelTofino,bench,3,0.8,2,3.887306411,3.087306411,418.1856,4.181856,0.738262248,tofino
298,698.1607142857143,11.636011904761906,Aug 30 2012,2,outer coast,MotelTofino,bench,4,0.62,2,3.887306411,3.267306411,418.1856,4.181856,0.781305337,tofino
299,671.875,11.197916666666666,Aug 30 2012,2,outer coast,MotelTofino,bench,5,0.72,2,3.887306411,3.167306411,418.1856,4.181856,0.75739251,tofino
3,566.8392857142857,9.447321428571428,june 21 2012,1,gulfislands,RuckleGI,bench,3,1.88,1,4.451281333,2.571281333,361.4928,3.614928,0.71129531,fulford
30,250.32558139534885,4.172093023255814,june 21 2012,1,gulfislands,SheepfarmGI2,bench,18,1.08,2,2.341210911,1.261210911,361.4928,3.614928,0.348889635,fulford
300,661.2142857142857,11.020238095238094,Aug 30 2012,2,outer coast,MotelTofino,bench,6,0.76,1,3.887306411,3.127306411,418.1856,4.181856,0.747827379,tofino
301,707.7678571428571,11.796130952380953,Aug 30 2012,2,outer coast,MotelTofino,bench,7,0.58,2,3.887306411,3.307306411,418.1856,4.181856,0.790870468,tofino
302,692.1964285714286,11.536607142857143,Aug 30 2012,2,outer coast,MotelTofino,bench,8,0.64,2,3.887306411,3.247306411,418.1856,4.181856,0.776522771,tofino
303,655.2321428571429,10.920535714285714,Aug 30 2012,2,outer coast,MotelTofino,bench,9,0.78,2,3.887306411,3.107306411,418.1856,4.181856,0.743044813,tofino
304,633.2678571428571,10.554464285714285,Aug 30 2012,2,outer coast,MotelTofino,bench,10,0.86,2,3.887306411,3.027306411,418.1856,4.181856,0.723914551,tofino
305,681.6428571428571,11.360714285714286,Aug 30 2012,2,outer coast,MotelTofino,bench,11,0.68,1,3.887306411,3.207306411,418.1856,4.181856,0.76695764,tofino
306,698.1607142857143,11.636011904761906,Aug 30 2012,2,outer coast,MotelTofino,bench,12,0.62,2,3.887306411,3.267306411,418.1856,4.181856,0.781305337,tofino
307,698.1607142857143,11.636011904761906,Aug 30 2012,2,outer coast,MotelTofino,bench,13,0.62,2,3.887306411,3.267306411,418.1856,4.181856,0.781305337,tofino
308,703.2142857142857,11.720238095238095,Aug 30 2012,2,outer coast,MotelTofino,bench,14,0.6,2,3.887306411,3.287306411,418.1856,4.181856,0.786087902,tofino
309,692.1964285714286,11.536607142857143,Aug 30 2012,2,outer coast,MotelTofino,bench,15,0.64,2,3.887306411,3.247306411,418.1856,4.181856,0.776522771,tofino
31,250.32558139534885,4.172093023255814,june 21 2012,1,gulfislands,SheepfarmGI2,bench,19,1.08,2,2.341210911,1.261210911,361.4928,3.614928,0.348889635,fulford
310,569.1964285714286,9.486607142857142,Aug 30 2012,2,outer coast,MotelTofino,cobble,1,1.1,1,3.887306411,2.787306411,418.1856,4.181856,0.666523766,tofino
311,532.3928571428571,8.873214285714285,Aug 30 2012,2,outer coast,MotelTofino,cobble,2,1.22,1,3.887306411,2.667306411,418.1856,4.181856,0.637828373,tofino
312,590.5,9.841666666666667,Aug 30 2012,2,outer coast,MotelTofino,cobble,3,1.02,1,3.887306411,2.867306411,418.1856,4.181856,0.685654028,tofino
313,595.9107142857143,9.931845238095239,Aug 30 2012,2,outer coast,MotelTofino,cobble,4,1,1,3.887306411,2.887306411,418.1856,4.181856,0.690436593,tofino
314,607.25,10.120833333333334,Aug 30 2012,2,outer coast,MotelTofino,cobble,5,0.96,2,3.887306411,2.927306411,418.1856,4.181856,0.700001724,tofino
315,628.4107142857143,10.473511904761905,Aug 30 2012,2,outer coast,MotelTofino,cobble,6,0.88,2,3.887306411,3.007306411,418.1856,4.181856,0.719131986,tofino
316,671.875,11.197916666666666,Aug 30 2012,2,outer coast,MotelTofino,cobble,7,0.72,2,3.887306411,3.167306411,418.1856,4.181856,0.75739251,tofino
317,671.875,11.197916666666666,Aug 30 2012,2,outer coast,MotelTofino,cobble,8,0.72,2,3.887306411,3.167306411,418.1856,4.181856,0.75739251,tofino
318,666.1428571428571,11.102380952380951,Aug 30 2012,2,outer coast,MotelTofino,cobble,9,0.74,1,3.887306411,3.147306411,418.1856,4.181856,0.752609944,tofino
319,649.5892857142857,10.826488095238094,Aug 30 2012,2,outer coast,MotelTofino,cobble,10,0.8,1,3.887306411,3.087306411,418.1856,4.181856,0.738262248,tofino
32,153.64285714285714,2.5607142857142855,june 21 2012,1,gulfislands,SheepfarmGI3,cobble,1,1.6,1,2.114044092,0.514044092,361.4928,3.614928,0.142200368,fulford
320,633.2678571428571,10.554464285714285,Aug 30 2012,2,outer coast,MotelTofino,cobble,11,0.86,2,3.887306411,3.027306411,418.1856,4.181856,0.723914551,tofino
321,677.1607142857143,11.286011904761905,Aug 30 2012,2,outer coast,MotelTofino,cobble,12,0.7,2,3.887306411,3.187306411,418.1856,4.181856,0.762175075,tofino
322,664.6428571428571,11.077380952380953,Aug 30 2012,2,outer coast,CrabInnTofino,bench,1,1.12,2,4.261365133,3.141365133,418.1856,4.181856,0.751189217,tofino
323,734.1428571428571,12.235714285714286,Aug 30 2012,2,outer coast,CrabInnTofino,bench,2,0.84,2,4.261365133,3.421365133,418.1856,4.181856,0.818145133,tofino
324,675.9464285714286,11.26577380952381,Aug 30 2012,2,outer coast,CrabInnTofino,bench,3,1.08,2,4.261365133,3.181365133,418.1856,4.181856,0.760754347,tofino
325,696.4285714285714,11.607142857142858,Aug 30 2012,2,outer coast,CrabInnTofino,bench,4,1,2,4.261365133,3.261365133,418.1856,4.181856,0.779884609,tofino
326,675.9464285714286,11.26577380952381,Aug 30 2012,2,outer coast,CrabInnTofino,bench,5,1.08,2,4.261365133,3.181365133,418.1856,4.181856,0.760754347,tofino
327,671.5178571428571,11.191964285714285,Aug 30 2012,2,outer coast,CrabInnTofino,bench,6,1.095,2,4.261365133,3.166365133,418.1856,4.181856,0.757167423,tofino
328,680.2678571428571,11.337797619047619,Aug 30 2012,2,outer coast,CrabInnTofino,bench,7,1.06,2,4.261365133,3.201365133,418.1856,4.181856,0.765536913,tofino
329,664.6428571428571,11.077380952380953,Aug 30 2012,2,outer coast,CrabInnTofino,bench,8,1.12,2,4.261365133,3.141365133,418.1856,4.181856,0.751189217,tofino
33,155.45454545454547,2.5909090909090913,june 21 2012,1,gulfislands,SheepfarmGI3,cobble,2,1.66,1,2.114044092,0.454044092,361.4928,3.614928,0.125602527,fulford
330,706.2857142857143,11.771428571428572,Aug 30 2012,2,outer coast,CrabInnTofino,bench,9,0.96,2,4.261365133,3.301365133,418.1856,4.181856,0.78944974,tofino
331,669.9464285714286,11.16577380952381,Aug 30 2012,2,outer coast,CrabInnTofino,bench,10,1.1,2,4.261365133,3.161365133,418.1856,4.181856,0.755971782,tofino
332,711.1785714285714,11.852976190476191,Aug 30 2012,2,outer coast,CrabInnTofino,bench,11,0.94,2,4.261365133,3.321365133,418.1856,4.181856,0.794232306,tofino
333,711.1785714285714,11.852976190476191,Aug 30 2012,2,outer coast,CrabInnTofino,bench,12,0.94,2,4.261365133,3.321365133,418.1856,4.181856,0.794232306,tofino
334,504.92857142857144,8.415476190476191,Aug 30 2012,2,outer coast,CrabInnTofino,cobble,1,1.68,1,4.261365133,2.581365133,418.1856,4.181856,0.617277384,tofino
335,518.6607142857143,8.644345238095239,Aug 30 2012,2,outer coast,CrabInnTofino,cobble,2,1.64,1,4.261365133,2.621365133,418.1856,4.181856,0.626842515,tofino
336,504.92857142857144,8.415476190476191,Aug 30 2012,2,outer coast,CrabInnTofino,cobble,3,1.68,1,4.261365133,2.581365133,418.1856,4.181856,0.617277384,tofino
337,579.3035714285714,9.655059523809523,Aug 30 2012,2,outer coast,CrabInnTofino,cobble,4,1.44,1,4.261365133,2.821365133,418.1856,4.181856,0.674668169,tofino
338,537.0357142857143,8.95059523809524,Aug 30 2012,2,outer coast,CrabInnTofino,cobble,5,1.58,1,4.261365133,2.681365133,418.1856,4.181856,0.641190211,tofino
339,475.57142857142856,7.926190476190476,Aug 30 2012,2,outer coast,CrabInnTofino,cobble,6,1.76,2,4.261365133,2.501365133,418.1856,4.181856,0.598147122,tofino
34,155.45454545454547,2.5909090909090913,june 21 2012,1,gulfislands,SheepfarmGI3,cobble,3,1.66,1,2.114044092,0.454044092,361.4928,3.614928,0.125602527,fulford
340,490.39285714285717,8.173214285714286,Aug 30 2012,2,outer coast,CrabInnTofino,cobble,7,1.72,1,4.261365133,2.541365133,418.1856,4.181856,0.607712253,tofino
341,483.3392857142857,8.055654761904762,Aug 30 2012,2,outer coast,CrabInnTofino,cobble,8,1.74,2,4.261365133,2.521365133,418.1856,4.181856,0.602929688,tofino
342,511.625,8.527083333333334,Aug 30 2012,2,outer coast,CrabInnTofino,cobble,9,1.66,1,4.261365133,2.601365133,418.1856,4.181856,0.62205995,tofino
343,511.625,8.527083333333334,Aug 30 2012,2,outer coast,CrabInnTofino,cobble,10,1.66,2,4.261365133,2.601365133,418.1856,4.181856,0.62205995,tofino
344,537.0357142857143,8.95059523809524,Aug 30 2012,2,outer coast,CrabInnTofino,cobble,11,1.58,2,4.261365133,2.681365133,418.1856,4.181856,0.641190211,tofino
345,739.2142857142857,12.320238095238095,Aug 30 2012,2,outer coast,AquariumUkie1,bench,1,1.25,2,4.576278574,3.326278574,406.2984,4.062984,0.818678728,ucluelet
346,749.4464285714286,12.490773809523809,Aug 30 2012,2,outer coast,AquariumUkie1,bench,2,1.2,2,4.576278574,3.376278574,406.2984,4.062984,0.830984954,ucluelet
347,734.0535714285714,12.23422619047619,Aug 30 2012,2,outer coast,AquariumUkie1,bench,3,1.27,2,4.576278574,3.306278574,406.2984,4.062984,0.813756238,ucluelet
348,736.5892857142857,12.276488095238095,Aug 30 2012,2,outer coast,AquariumUkie1,bench,4,1.26,2,4.576278574,3.316278574,406.2984,4.062984,0.816217483,ucluelet
349,722.8571428571429,12.047619047619047,Aug 30 2012,2,outer coast,AquariumUkie1,bench,5,1.32,2,4.576278574,3.256278574,406.2984,4.062984,0.801450012,ucluelet
35,153.64285714285714,2.5607142857142855,june 21 2012,1,gulfislands,SheepfarmGI3,cobble,4,1.6,1,2.114044092,0.514044092,361.4928,3.614928,0.142200368,fulford
350,736.5892857142857,12.276488095238095,Aug 30 2012,2,outer coast,AquariumUkie1,bench,6,1.26,2,4.576278574,3.316278574,406.2984,4.062984,0.816217483,ucluelet
351,731.8392857142857,12.197321428571428,Aug 30 2012,2,outer coast,AquariumUkie1,bench,7,1.28,2,4.576278574,3.296278574,406.2984,4.062984,0.811294992,ucluelet
352,727.3035714285714,12.12172619047619,Aug 30 2012,2,outer coast,AquariumUkie1,bench,8,1.3,2,4.576278574,3.276278574,406.2984,4.062984,0.806372502,ucluelet
353,727.3035714285714,12.12172619047619,Aug 30 2012,2,outer coast,AquariumUkie1,bench,9,1.3,1,4.576278574,3.276278574,406.2984,4.062984,0.806372502,ucluelet
354,720.1607142857143,12.002678571428572,Aug 30 2012,2,outer coast,AquariumUkie1,bench,10,1.33,2,4.576278574,3.246278574,406.2984,4.062984,0.798988766,ucluelet
355,572.1964285714286,9.536607142857143,Aug 30 2012,2,outer coast,AquariumUkie2,cobble,1,1.3,1,4.003566189,2.703566189,406.2984,4.062984,0.665413939,ucluelet
356,566.3035714285714,9.438392857142857,Aug 30 2012,2,outer coast,AquariumUkie2,cobble,2,1.32,1,4.003566189,2.683566189,406.2984,4.062984,0.660491449,ucluelet
357,537.375,8.95625,Aug 30 2012,2,outer coast,AquariumUkie2,cobble,3,1.41,1,4.003566189,2.593566189,406.2984,4.062984,0.638340242,ucluelet
358,554.0178571428571,9.233630952380953,Aug 30 2012,2,outer coast,AquariumUkie2,cobble,4,1.36,1,4.003566189,2.643566189,406.2984,4.062984,0.650646468,ucluelet
359,596.0535714285714,9.93422619047619,Aug 30 2012,2,outer coast,AquariumUkie2,cobble,5,1.21,1,4.003566189,2.793566189,406.2984,4.062984,0.687565146,ucluelet
36,135.8181818181818,2.2636363636363637,june 21 2012,1,gulfislands,SheepfarmGI3,cobble,5,1.7,1,2.114044092,0.414044092,361.4928,3.614928,0.1145373,fulford
360,629.75,10.495833333333334,Aug 30 2012,2,outer coast,AquariumUkie2,cobble,6,1.09,1,4.003566189,2.913566189,406.2984,4.062984,0.717100089,ucluelet
361,649.9464285714286,10.832440476190476,Aug 30 2012,2,outer coast,AquariumUkie2,cobble,7,1.02,1,4.003566189,2.983566189,406.2984,4.062984,0.734328806,ucluelet
362,632.3035714285714,10.538392857142858,Aug 30 2012,2,outer coast,AquariumUkie2,cobble,8,1.08,1,4.003566189,2.923566189,406.2984,4.062984,0.719561335,ucluelet
363,659.0357142857143,10.983928571428573,Aug 30 2012,2,outer coast,AquariumUkie2,cobble,9,0.99,2,4.003566189,3.013566189,406.2984,4.062984,0.741712542,ucluelet
364,644.1785714285714,10.736309523809524,Aug 30 2012,2,outer coast,AquariumUkie2,cobble,10,1.04,1,4.003566189,2.963566189,406.2984,4.062984,0.729406315,ucluelet
365,638.4821428571429,10.641369047619047,Aug 30 2012,2,outer coast,ToquartBay,bench,1,2.08,2,5.001597684,2.921597684,403.86,4.0386,0.723418433,stopper
366,638.4821428571429,10.641369047619047,Aug 30 2012,2,outer coast,ToquartBay,bench,2,2.08,2,5.001597684,2.921597684,403.86,4.0386,0.723418433,stopper
367,656.8035714285714,10.946726190476191,Aug 30 2012,2,outer coast,ToquartBay,bench,3,2.02,2,5.001597684,2.981597684,403.86,4.0386,0.738275067,stopper
368,676.1428571428571,11.269047619047619,Aug 30 2012,2,outer coast,ToquartBay,bench,4,1.95,2,5.001597684,3.051597684,403.86,4.0386,0.755607806,stopper
369,641.4821428571429,10.691369047619048,Aug 30 2012,2,outer coast,ToquartBay,bench,5,2.07,2,5.001597684,2.931597684,403.86,4.0386,0.725894539,stopper
37,153.64285714285714,2.5607142857142855,june 21 2012,1,gulfislands,SheepfarmGI3,cobble,6,1.6,1,2.114044092,0.514044092,361.4928,3.614928,0.142200368,fulford
370,656.8035714285714,10.946726190476191,Aug 30 2012,2,outer coast,ToquartBay,bench,6,2.02,2,5.001597684,2.981597684,403.86,4.0386,0.738275067,stopper
371,635.5357142857143,10.592261904761905,Aug 30 2012,2,outer coast,ToquartBay,bench,7,2.09,2,5.001597684,2.911597684,403.86,4.0386,0.720942327,stopper
372,610.1428571428571,10.16904761904762,Aug 30 2012,2,outer coast,ToquartBay,bench,8,2.18,2,5.001597684,2.821597684,403.86,4.0386,0.698657377,stopper
373,586.5892857142857,9.776488095238095,Aug 30 2012,2,outer coast,ToquartBay,bench,9,2.26,2,5.001597684,2.741597684,403.86,4.0386,0.678848533,stopper
374,644.2678571428571,10.737797619047619,Aug 30 2012,2,outer coast,ToquartBay,bench,10,2.06,2,5.001597684,2.941597684,403.86,4.0386,0.728370644,stopper
375,668.4285714285714,11.14047619047619,Aug 30 2012,2,outer coast,ToquartBay,bench,11,1.98,2,5.001597684,3.021597684,403.86,4.0386,0.748179489,stopper
376,665.4821428571429,11.091369047619049,Aug 30 2012,2,outer coast,ToquartBay,bench,12,1.99,2,5.001597684,3.011597684,403.86,4.0386,0.745703383,stopper
377,595.9464285714286,9.932440476190475,Aug 30 2012,2,outer coast,ToquartBay,bench,13,2.23,2,5.001597684,2.771597684,403.86,4.0386,0.686276849,stopper
378,408.92857142857144,6.815476190476191,Aug 30 2012,2,outer coast,ToquartBay,cobble,1,1.18,2,3.417415321,2.237415321,403.86,4.0386,0.554007656,stopper
379,362.64285714285717,6.044047619047619,Aug 30 2012,2,outer coast,ToquartBay,cobble,2,1.3,1,3.417415321,2.117415321,403.86,4.0386,0.524294389,stopper
38,155.4,2.5900000000000003,june 21 2012,1,gulfislands,SheepfarmGI3,cobble,7,1.58,2,2.114044092,0.534044092,361.4928,3.614928,0.147732982,fulford
380,461.48214285714283,7.691369047619047,Aug 30 2012,2,outer coast,ToquartBay,cobble,3,1.05,1,3.417415321,2.367415321,403.86,4.0386,0.586197029,stopper
381,480.94642857142856,8.01577380952381,Aug 30 2012,2,outer coast,ToquartBay,cobble,4,1,2,3.417415321,2.417415321,403.86,4.0386,0.598577557,stopper
382,489.0892857142857,8.151488095238095,Aug 30 2012,2,outer coast,ToquartBay,cobble,5,0.98,2,3.417415321,2.437415321,403.86,4.0386,0.603529768,stopper
383,506.76785714285717,8.446130952380953,Aug 30 2012,2,outer coast,ToquartBay,cobble,6,0.93,2,3.417415321,2.487415321,403.86,4.0386,0.615910296,stopper
384,465.25,7.754166666666666,Aug 30 2012,2,outer coast,ToquartBay,cobble,7,1.04,1,3.417415321,2.377415321,403.86,4.0386,0.588673134,stopper
385,489.0892857142857,8.151488095238095,Aug 30 2012,2,outer coast,ToquartBay,cobble,8,0.98,1,3.417415321,2.437415321,403.86,4.0386,0.603529768,stopper
386,492.60714285714283,8.210119047619047,Aug 30 2012,2,outer coast,ToquartBay,cobble,9,0.97,1,3.417415321,2.447415321,403.86,4.0386,0.606005873,stopper
387,484.92857142857144,8.082142857142857,Aug 30 2012,2,outer coast,ToquartBay,cobble,10,0.99,2,3.417415321,2.427415321,403.86,4.0386,0.601053662,stopper
388,480.94642857142856,8.01577380952381,Aug 30 2012,2,outer coast,ToquartBay,cobble,11,1,2,3.417415321,2.417415321,403.86,4.0386,0.598577557,stopper
389,509.98214285714283,8.49970238095238,Aug 30 2012,2,outer coast,ToquartBay,cobble,12,0.92,2,3.417415321,2.497415321,403.86,4.0386,0.618386401,stopper
39,146.63636363636363,2.443939393939394,june 21 2012,1,gulfislands,SheepfarmGI3,cobble,8,1.68,2,2.114044092,0.434044092,361.4928,3.614928,0.120069913,fulford
390,565.875,9.43125,Sept 7 2012,2,outer coast,BamfieldHatchery,bench,1,1.42,2,4.102028878,2.682028878,406.2984,4.062984,0.660113079,ucluelet
391,656.0892857142857,10.934821428571428,Sept 7 2012,2,outer coast,BamfieldHatchery,bench,2,1.1,2,4.102028878,3.002028878,406.2984,4.062984,0.738872926,ucluelet
392,598.9285714285714,9.982142857142858,Sept 7 2012,2,outer coast,BamfieldHatchery,bench,3,1.3,2,4.102028878,2.802028878,406.2984,4.062984,0.689648022,ucluelet
393,637.7678571428571,10.629464285714285,Sept 7 2012,2,outer coast,BamfieldHatchery,bench,4,1.16,2,4.102028878,2.942028878,406.2984,4.062984,0.724105455,ucluelet
394,677.4821428571429,11.291369047619048,Sept 7 2012,2,outer coast,BamfieldHatchery,bench,5,1.02,1,4.102028878,3.082028878,406.2984,4.062984,0.758562888,ucluelet
395,646.5535714285714,10.775892857142857,Sept 7 2012,2,outer coast,BamfieldHatchery,bench,6,1.13,2,4.102028878,2.972028878,406.2984,4.062984,0.731489191,ucluelet
396,587.1607142857143,9.786011904761905,Sept 7 2012,2,outer coast,BamfieldHatchery,bench,7,1.34,2,4.102028878,2.762028878,406.2984,4.062984,0.679803041,ucluelet
397,605.3214285714286,10.088690476190475,Sept 7 2012,2,outer coast,BamfieldHatchery,bench,8,1.28,2,4.102028878,2.822028878,406.2984,4.062984,0.694570512,ucluelet
398,592.7321428571429,9.878869047619048,Sept 7 2012,2,outer coast,BamfieldHatchery,bench,9,1.32,2,4.102028878,2.782028878,406.2984,4.062984,0.684725531,ucluelet
399,649.3928571428571,10.823214285714284,Sept 7 2012,2,outer coast,BamfieldHatchery,bench,10,1.12,2,4.102028878,2.982028878,406.2984,4.062984,0.733950436,ucluelet
4,535.6785714285714,8.92797619047619,june 21 2012,1,gulfislands,RuckleGI,bench,4,1.96,1,4.451281333,2.491281333,361.4928,3.614928,0.689164856,fulford
40,159.8235294117647,2.6637254901960783,june 21 2012,1,gulfislands,SheepfarmGI3,cobble,9,1.54,1,2.114044092,0.574044092,361.4928,3.614928,0.158798209,fulford
400,661.2142857142857,11.020238095238094,Sept 7 2012,2,outer coast,BamfieldHatchery,bench,11,1.08,2,4.102028878,3.022028878,406.2984,4.062984,0.743795417,ucluelet
401,605.3214285714286,10.088690476190475,Sept 7 2012,2,outer coast,BamfieldHatchery,bench,12,1.28,1,4.102028878,2.822028878,406.2984,4.062984,0.694570512,ucluelet
402,615.625,10.260416666666666,Sept 7 2012,2,outer coast,BamfieldHatchery,cobble,1,1.24,1,4.102028878,2.862028878,406.2984,4.062984,0.704415493,ucluelet
403,605.3214285714286,10.088690476190475,Sept 7 2012,2,outer coast,BamfieldHatchery,cobble,2,1.28,1,4.102028878,2.822028878,406.2984,4.062984,0.694570512,ucluelet
404,621.125,10.352083333333333,Sept 7 2012,2,outer coast,BamfieldHatchery,cobble,3,1.22,1,4.102028878,2.882028878,406.2984,4.062984,0.709337984,ucluelet
405,598.9285714285714,9.982142857142858,Sept 7 2012,2,outer coast,BamfieldHatchery,cobble,4,1.3,1,4.102028878,2.802028878,406.2984,4.062984,0.689648022,ucluelet
406,631.9107142857143,10.531845238095238,Sept 7 2012,2,outer coast,BamfieldHatchery,cobble,5,1.18,1,4.102028878,2.922028878,406.2984,4.062984,0.719182965,ucluelet
407,626.5535714285714,10.442559523809525,Sept 7 2012,2,outer coast,BamfieldHatchery,cobble,6,1.2,1,4.102028878,2.902028878,406.2984,4.062984,0.714260474,ucluelet
408,615.625,10.260416666666666,Sept 7 2012,2,outer coast,BamfieldHatchery,cobble,7,1.24,2,4.102028878,2.862028878,406.2984,4.062984,0.704415493,ucluelet
409,615.625,10.260416666666666,Sept 7 2012,2,outer coast,BamfieldHatchery,cobble,8,1.24,2,4.102028878,2.862028878,406.2984,4.062984,0.704415493,ucluelet
41,155.45454545454547,2.5909090909090913,june 21 2012,1,gulfislands,SheepfarmGI3,cobble,10,1.66,2,2.114044092,0.454044092,361.4928,3.614928,0.125602527,fulford
410,598.9285714285714,9.982142857142858,Sept 7 2012,2,outer coast,BamfieldHatchery,cobble,9,1.3,1,4.102028878,2.802028878,406.2984,4.062984,0.689648022,ucluelet
411,626.5535714285714,10.442559523809525,Sept 7 2012,2,outer coast,BamfieldHatchery,cobble,10,1.2,2,4.102028878,2.902028878,406.2984,4.062984,0.714260474,ucluelet
412,615.625,10.260416666666666,Sept 7 2012,2,outer coast,BamfieldHatchery,cobble,11,1.24,1,4.102028878,2.862028878,406.2984,4.062984,0.704415493,ucluelet
413,649.4642857142857,10.824404761904761,june 22 2012,1,Vancouver,WhytecliffVan,bench,1,1.99,1,5.808864574,3.818864574,495.6048,4.956048,0.770546325,atkinson
414,675.1964285714286,11.25327380952381,june 22 2012,1,Vancouver,WhytecliffVan,bench,2,1.89,1,5.808864574,3.918864574,495.6048,4.956048,0.790723692,atkinson
415,677.3392857142857,11.288988095238095,june 22 2012,1,Vancouver,WhytecliffVan,bench,3,1.88,1,5.808864574,3.928864574,495.6048,4.956048,0.792741429,atkinson
416,696.8928571428571,11.614880952380952,june 22 2012,1,Vancouver,WhytecliffVan,bench,4,1.79,1,5.808864574,4.018864574,495.6048,4.956048,0.810901059,atkinson
417,600.9464285714286,10.01577380952381,june 22 2012,1,Vancouver,WhytecliffVan,bench,5,2.15,1,5.808864574,3.658864574,495.6048,4.956048,0.738262538,atkinson
418,629.0714285714286,10.48452380952381,june 22 2012,1,Vancouver,WhytecliffVan,bench,6,2.06,1,5.808864574,3.748864574,495.6048,4.956048,0.756422168,atkinson
419,649.4642857142857,10.824404761904761,june 22 2012,1,Vancouver,WhytecliffVan,bench,7,1.99,1,5.808864574,3.818864574,495.6048,4.956048,0.770546325,atkinson
42,155.45454545454547,2.5909090909090913,june 21 2012,1,gulfislands,SheepfarmGI3,cobble,11,1.66,2,2.114044092,0.454044092,361.4928,3.614928,0.125602527,fulford
420,334.2142857142857,5.570238095238095,june 22 2012,1,Vancouver,WhytecliffVan,cobble,1,3.14,2,5.808864574,2.668864574,495.6048,4.956048,0.538506603,atkinson
421,318.44642857142856,5.307440476190476,june 22 2012,1,Vancouver,WhytecliffVan,cobble,2,3.22,2,5.808864574,2.588864574,495.6048,4.956048,0.52236471,atkinson
422,332.375,5.539583333333334,june 22 2012,1,Vancouver,WhytecliffVan,cobble,3,3.15,2,5.808864574,2.658864574,495.6048,4.956048,0.536488866,atkinson
423,320.23214285714283,5.33720238095238,june 22 2012,1,Vancouver,WhytecliffVan,cobble,4,3.21,1,5.808864574,2.598864574,495.6048,4.956048,0.524382446,atkinson
424,367.73214285714283,6.128869047619047,june 22 2012,1,Vancouver,WhytecliffVan,cobble,5,2.96,2,5.808864574,2.848864574,495.6048,4.956048,0.574825864,atkinson
425,355.89285714285717,5.9315476190476195,june 22 2012,1,Vancouver,WhytecliffVan,cobble,6,3.02,2,5.808864574,2.788864574,495.6048,4.956048,0.562719444,atkinson
426,350.48214285714283,5.841369047619048,june 22 2012,1,Vancouver,WhytecliffVan,cobble,7,3.05,1,5.808864574,2.758864574,495.6048,4.956048,0.556666234,atkinson
427,392.80357142857144,6.546726190476191,june 22 2012,1,Vancouver,WhytecliffVan,cobble,8,2.84,2,5.808864574,2.968864574,495.6048,4.956048,0.599038705,atkinson
428,361.14285714285717,6.01904761904762,june 22 2012,1,Vancouver,WhytecliffVan,cobble,9,2.99,1,5.808864574,2.818864574,495.6048,4.956048,0.568772654,atkinson
429,339.75,5.6625,june 22 2012,1,Vancouver,WhytecliffVan,cobble,10,3.11,1,5.808864574,2.698864574,495.6048,4.956048,0.544559813,atkinson
43,159.8235294117647,2.6637254901960783,june 21 2012,1,gulfislands,SheepfarmGI3,cobble,12,1.54,2,2.114044092,0.574044092,361.4928,3.614928,0.158798209,fulford
430,305,5.083333333333333,june 22 2012,1,Vancouver,WhytecliffVan,cobble,11,3.29,1,5.808864574,2.518864574,495.6048,4.956048,0.508240553,atkinson
431,312.7142857142857,5.211904761904762,june 22 2012,1,Vancouver,WhytecliffVan,cobble,12,3.25,1,5.808864574,2.558864574,495.6048,4.956048,0.516311499,atkinson
432,666.4285714285714,11.107142857142858,june 22 2012,1,Vancouver,CopperCoveVan,bench,1,0.74,2,4.613836432,3.873836432,495.6048,4.956048,0.781638199,atkinson
433,641.7678571428571,10.696130952380951,june 22 2012,1,Vancouver,CopperCoveVan,bench,2,0.82,2,4.613836432,3.793836432,495.6048,4.956048,0.765496305,atkinson
434,663.6071428571429,11.060119047619049,june 22 2012,1,Vancouver,CopperCoveVan,bench,3,0.75,2,4.613836432,3.863836432,495.6048,4.956048,0.779620462,atkinson
435,620.7142857142857,10.345238095238095,june 22 2012,1,Vancouver,CopperCoveVan,bench,4,0.89,1,4.613836432,3.723836432,495.6048,4.956048,0.751372148,atkinson
436,690.6785714285714,11.511309523809524,june 22 2012,1,Vancouver,CopperCoveVan,bench,5,0.63,2,4.613836432,3.983836432,495.6048,4.956048,0.803833303,atkinson
437,696.1785714285714,11.602976190476191,june 22 2012,1,Vancouver,CopperCoveVan,bench,6,0.6,1,4.613836432,4.013836432,495.6048,4.956048,0.809886513,atkinson
438,663.6071428571429,11.060119047619049,june 22 2012,1,Vancouver,CopperCoveVan,bench,7,0.75,1,4.613836432,3.863836432,495.6048,4.956048,0.779620462,atkinson
439,683.2142857142857,11.386904761904761,june 22 2012,1,Vancouver,CopperCoveVan,bench,8,0.66,1,4.613836432,3.953836432,495.6048,4.956048,0.797780093,atkinson
44,292.125,4.86875,june 21 2012,1,gulfislands,EaglecoveGI,bench,1,1.36,2,2.906248298,1.546248298,361.4928,3.614928,0.427739722,fulford
440,680.6964285714286,11.344940476190477,june 22 2012,1,Vancouver,CopperCoveVan,bench,9,0.67,2,4.613836432,3.943836432,495.6048,4.956048,0.795762356,atkinson
441,685.4821428571429,11.42470238095238,june 22 2012,1,Vancouver,CopperCoveVan,bench,10,0.65,2,4.613836432,3.963836432,495.6048,4.956048,0.799797829,atkinson
442,605.6428571428571,10.094047619047618,june 22 2012,1,Vancouver,CopperCoveVan,bench,11,0.94,1,4.613836432,3.673836432,495.6048,4.956048,0.741283465,atkinson
443,647.9464285714286,10.799107142857142,june 22 2012,1,Vancouver,CopperCoveVan,bench,12,0.8,2,4.613836432,3.813836432,495.6048,4.956048,0.769531779,atkinson
444,481.625,8.027083333333334,june 22 2012,1,Vancouver,CopperCoveVan,cobble,1,1.29,1,4.613836432,3.323836432,495.6048,4.956048,0.67066268,atkinson
445,487.25,8.120833333333334,june 22 2012,1,Vancouver,CopperCoveVan,cobble,2,1.27,2,4.613836432,3.343836432,495.6048,4.956048,0.674698153,atkinson
446,454.2142857142857,7.570238095238095,june 22 2012,1,Vancouver,CopperCoveVan,cobble,3,1.39,1,4.613836432,3.223836432,495.6048,4.956048,0.650485312,atkinson
447,467.94642857142856,7.799107142857142,june 22 2012,1,Vancouver,CopperCoveVan,cobble,4,1.34,2,4.613836432,3.273836432,495.6048,4.956048,0.660573996,atkinson
448,465.25,7.754166666666666,june 22 2012,1,Vancouver,CopperCoveVan,cobble,5,1.35,1,4.613836432,3.263836432,495.6048,4.956048,0.658556259,atkinson
449,427,7.116666666666666,june 22 2012,1,Vancouver,CopperCoveVan,cobble,6,1.5,2,4.613836432,3.113836432,495.6048,4.956048,0.628290209,atkinson
45,302.0416666666667,5.034027777777778,june 21 2012,1,gulfislands,EaglecoveGI,bench,2,1.32,2,2.906248298,1.586248298,361.4928,3.614928,0.438804949,fulford
450,451.69642857142856,7.528273809523809,june 22 2012,1,Vancouver,CopperCoveVan,cobble,7,1.4,2,4.613836432,3.213836432,495.6048,4.956048,0.648467576,atkinson
451,451.69642857142856,7.528273809523809,june 22 2012,1,Vancouver,CopperCoveVan,cobble,8,1.4,2,4.613836432,3.213836432,495.6048,4.956048,0.648467576,atkinson
452,412.9107142857143,6.881845238095238,june 22 2012,1,Vancouver,CopperCoveVan,cobble,9,1.56,2,4.613836432,3.053836432,495.6048,4.956048,0.616183788,atkinson
453,415.32142857142856,6.922023809523809,june 22 2012,1,Vancouver,CopperCoveVan,cobble,10,1.55,1,4.613836432,3.063836432,495.6048,4.956048,0.618201525,atkinson
454,420.10714285714283,7.001785714285714,june 22 2012,1,Vancouver,CopperCoveVan,cobble,11,1.53,1,4.613836432,3.083836432,495.6048,4.956048,0.622236999,atkinson
455,412.9107142857143,6.881845238095238,june 22 2012,1,Vancouver,CopperCoveVan,cobble,12,1.56,1,4.613836432,3.053836432,495.6048,4.956048,0.616183788,atkinson
456,461.30357142857144,7.6883928571428575,june 22 2012,1,Vancouver,CaulfieldCoveVan,cobble,1,1.65,2,4.89995987,3.24995987,495.6048,4.956048,0.655756334,atkinson
457,443.0892857142857,7.384821428571429,june 22 2012,1,Vancouver,CaulfieldCoveVan,cobble,2,1.72,2,4.89995987,3.17995987,495.6048,4.956048,0.641632177,atkinson
458,464.14285714285717,7.735714285714286,june 22 2012,1,Vancouver,CaulfieldCoveVan,cobble,3,1.64,2,4.89995987,3.25995987,495.6048,4.956048,0.657774071,atkinson
459,432.9642857142857,7.2160714285714285,june 22 2012,1,Vancouver,CaulfieldCoveVan,cobble,4,1.76,1,4.89995987,3.13995987,495.6048,4.956048,0.633561231,atkinson
46,301.84,5.030666666666666,june 21 2012,1,gulfislands,EaglecoveGI,bench,3,1.28,2,2.906248298,1.626248298,361.4928,3.614928,0.449870177,fulford
460,466.98214285714283,7.783035714285714,june 22 2012,1,Vancouver,CaulfieldCoveVan,cobble,5,1.63,2,4.89995987,3.26995987,495.6048,4.956048,0.659791808,atkinson
461,472.44642857142856,7.8741071428571425,june 22 2012,1,Vancouver,CaulfieldCoveVan,cobble,6,1.61,1,4.89995987,3.28995987,495.6048,4.956048,0.663827281,atkinson
462,458.17857142857144,7.636309523809524,june 22 2012,1,Vancouver,CaulfieldCoveVan,cobble,7,1.66,1,4.89995987,3.23995987,495.6048,4.956048,0.653738598,atkinson
463,475.10714285714283,7.91845238095238,june 22 2012,1,Vancouver,CaulfieldCoveVan,cobble,8,1.6,1,4.89995987,3.29995987,495.6048,4.956048,0.665845018,atkinson
464,486.0892857142857,8.101488095238095,june 22 2012,1,Vancouver,CaulfieldCoveVan,cobble,9,1.56,1,4.89995987,3.33995987,495.6048,4.956048,0.673915965,atkinson
465,458.17857142857144,7.636309523809524,june 22 2012,1,Vancouver,CaulfieldCoveVan,cobble,10,1.66,2,4.89995987,3.23995987,495.6048,4.956048,0.653738598,atkinson
466,486.0892857142857,8.101488095238095,june 22 2012,1,Vancouver,CaulfieldCoveVan,cobble,11,1.56,2,4.89995987,3.33995987,495.6048,4.956048,0.673915965,atkinson
467,643.5178571428571,10.725297619047618,june 22 2012,1,Vancouver,CaulfieldCoveVan,bench,1,1.1,1,4.89995987,3.79995987,495.6048,4.956048,0.766731854,atkinson
468,707.2678571428571,11.787797619047618,june 22 2012,1,Vancouver,CaulfieldCoveVan,bench,2,0.82,2,4.89995987,4.07995987,495.6048,4.956048,0.823228482,atkinson
469,580.5892857142857,9.676488095238094,june 22 2012,1,Vancouver,CaulfieldCoveVan,bench,3,1.3,1,4.89995987,3.59995987,495.6048,4.956048,0.726377119,atkinson
47,310.9019607843137,5.181699346405228,june 21 2012,1,gulfislands,EaglecoveGI,bench,4,1.22,2,2.906248298,1.686248298,361.4928,3.614928,0.466468018,fulford
470,669.625,11.160416666666666,june 22 2012,1,Vancouver,CaulfieldCoveVan,bench,4,1.01,2,4.89995987,3.88995987,495.6048,4.956048,0.784891484,atkinson
471,640.6607142857143,10.677678571428572,june 22 2012,1,Vancouver,CaulfieldCoveVan,bench,5,1.11,2,4.89995987,3.78995987,495.6048,4.956048,0.764714117,atkinson
472,675.4464285714286,11.257440476190476,june 22 2012,1,Vancouver,CaulfieldCoveVan,bench,6,0.98,2,4.89995987,3.91995987,495.6048,4.956048,0.790944694,atkinson
473,619.5892857142857,10.326488095238094,june 22 2012,1,Vancouver,CaulfieldCoveVan,bench,7,1.18,1,4.89995987,3.71995987,495.6048,4.956048,0.75058996,atkinson
474,632.3035714285714,10.538392857142858,june 22 2012,1,Vancouver,CaulfieldCoveVan,bench,8,1.14,2,4.89995987,3.75995987,495.6048,4.956048,0.758660907,atkinson
475,542.6607142857143,9.04434523809524,june 22 2012,1,Vancouver,CaulfieldCoveVan,bench,9,1.4,2,4.89995987,3.49995987,495.6048,4.956048,0.706199752,atkinson
476,667.9107142857143,11.13184523809524,june 22 2012,1,Vancouver,CaulfieldCoveVan,bench,10,1.02,2,4.89995987,3.87995987,495.6048,4.956048,0.782873747,atkinson
477,684.6428571428571,11.410714285714285,june 22 2012,1,Vancouver,CaulfieldCoveVan,bench,11,0.94,1,4.89995987,3.95995987,495.6048,4.956048,0.799015641,atkinson
478,653.2857142857143,10.88809523809524,june 22 2012,1,Vancouver,CaulfieldCoveVan,bench,12,1.07,1,4.89995987,3.82995987,495.6048,4.956048,0.772785064,atkinson
479,649.7678571428571,10.829464285714286,june 22 2012,1,Vancouver,CaulfieldCoveVan,bench,13,1.08,1,4.89995987,3.81995987,495.6048,4.956048,0.770767327,atkinson
48,309.78846153846155,5.163141025641026,june 21 2012,1,gulfislands,EaglecoveGI,bench,5,1.2,2,2.906248298,1.706248298,361.4928,3.614928,0.472000631,fulford
480,699,11.65,june 22 2012,1,Vancouver,28thVan,bench,1,0.81,2,4.842937722,4.032937722,495.6048,4.956048,0.81374065,atkinson
481,680.5892857142857,11.343154761904762,june 22 2012,1,Vancouver,28thVan,bench,2,0.9,1,4.842937722,3.942937722,495.6048,4.956048,0.79558102,atkinson
482,697.4821428571429,11.624702380952382,june 22 2012,1,Vancouver,28thVan,bench,3,0.82,2,4.842937722,4.022937722,495.6048,4.956048,0.811722914,atkinson
483,608.6428571428571,10.144047619047619,june 22 2012,1,Vancouver,28thVan,bench,4,1.16,1,4.842937722,3.682937722,495.6048,4.956048,0.743119865,atkinson
484,638.6607142857143,10.644345238095239,june 22 2012,1,Vancouver,28thVan,bench,5,1.06,1,4.842937722,3.782937722,495.6048,4.956048,0.763297232,atkinson
485,721.9464285714286,12.032440476190477,june 22 2012,1,Vancouver,28thVan,bench,6,0.67,2,4.842937722,4.172937722,495.6048,4.956048,0.841988964,atkinson
486,589.1607142857143,9.81934523809524,june 22 2012,1,Vancouver,28thVan,bench,7,1.22,1,4.842937722,3.622937722,495.6048,4.956048,0.731013445,atkinson
487,633.0535714285714,10.550892857142857,june 22 2012,1,Vancouver,28thVan,bench,8,1.08,1,4.842937722,3.762937722,495.6048,4.956048,0.759261759,atkinson
488,647.6428571428571,10.79404761904762,june 22 2012,1,Vancouver,28thVan,bench,9,1.03,1,4.842937722,3.812937722,495.6048,4.956048,0.769350443,atkinson
489,658.3928571428571,10.973214285714285,june 22 2012,1,Vancouver,28thVan,bench,10,1,2,4.842937722,3.842937722,495.6048,4.956048,0.775403653,atkinson
49,301.61224489795916,5.026870748299319,june 21 2012,1,gulfislands,EaglecoveGI,bench,6,1.3,1,2.906248298,1.606248298,361.4928,3.614928,0.444337563,fulford
490,678.2321428571429,11.303869047619049,june 22 2012,1,Vancouver,28thVan,bench,11,0.91,2,4.842937722,3.932937722,495.6048,4.956048,0.793563283,atkinson
491,713.3392857142857,11.888988095238094,june 22 2012,1,Vancouver,28thVan,bench,12,0.72,2,4.842937722,4.122937722,495.6048,4.956048,0.831900281,atkinson
492,422.0357142857143,7.0339285714285715,june 22 2012,1,Vancouver,28thVan,cobble,1,1.75,2,4.842937722,3.092937722,495.6048,4.956048,0.624073399,atkinson
493,422.0357142857143,7.0339285714285715,june 22 2012,1,Vancouver,28thVan,cobble,2,1.75,2,4.842937722,3.092937722,495.6048,4.956048,0.624073399,atkinson
494,404.9107142857143,6.748511904761904,june 22 2012,1,Vancouver,28thVan,cobble,3,1.82,2,4.842937722,3.022937722,495.6048,4.956048,0.609949242,atkinson
495,454.0357142857143,7.567261904761905,june 22 2012,1,Vancouver,28thVan,cobble,4,1.62,1,4.842937722,3.222937722,495.6048,4.956048,0.650303977,atkinson
496,484.1607142857143,8.069345238095238,june 22 2012,1,Vancouver,28thVan,cobble,5,1.51,2,4.842937722,3.332937722,495.6048,4.956048,0.67249908,atkinson
497,415.07142857142856,6.917857142857143,june 22 2012,1,Vancouver,28thVan,cobble,6,1.78,2,4.842937722,3.062937722,495.6048,4.956048,0.618020189,atkinson
498,419.875,6.997916666666667,june 22 2012,1,Vancouver,28thVan,cobble,7,1.76,2,4.842937722,3.082937722,495.6048,4.956048,0.622055663,atkinson
499,533.9642857142857,8.89940476190476,june 22 2012,1,Vancouver,28thVan,cobble,8,1.37,1,4.842937722,3.472937722,495.6048,4.956048,0.700747394,atkinson
5,474.73214285714283,7.9122023809523805,june 21 2012,1,gulfislands,RuckleGI,bench,5,2.1,2,4.451281333,2.351281333,361.4928,3.614928,0.65043656,fulford
50,323.2037037037037,5.386728395061728,june 21 2012,1,gulfislands,EaglecoveGI,bench,7,1.09,2,2.906248298,1.816248298,361.4928,3.614928,0.502430006,fulford
500,530.5357142857143,8.842261904761905,june 22 2012,1,Vancouver,28thVan,cobble,9,1.38,1,4.842937722,3.462937722,495.6048,4.956048,0.698729658,atkinson
501,516.2321428571429,8.603869047619048,june 22 2012,1,Vancouver,28thVan,cobble,10,1.42,1,4.842937722,3.422937722,495.6048,4.956048,0.690658711,atkinson
502,712.7678571428571,11.879464285714285,Aug 20 2012,2,Vancouver,28thVan,bench,1,0.98,2,5.098712384,4.118712384,495.6048,4.956048,0.831047719,atkinson
503,673.125,11.21875,Aug 20 2012,2,Vancouver,28thVan,bench,2,1.19,2,5.098712384,3.908712384,495.6048,4.956048,0.788675248,atkinson
504,597.8392857142857,9.963988095238095,Aug 20 2012,2,Vancouver,28thVan,bench,3,1.45,1,5.098712384,3.648712384,495.6048,4.956048,0.736214093,atkinson
505,701.5892857142857,11.693154761904761,Aug 20 2012,2,Vancouver,28thVan,bench,4,1.05,2,5.098712384,4.048712384,495.6048,4.956048,0.816923562,atkinson
506,529.1785714285714,8.819642857142858,Aug 20 2012,2,Vancouver,28thVan,bench,5,1.64,2,5.098712384,3.458712384,495.6048,4.956048,0.697877096,atkinson
507,691.6964285714286,11.528273809523808,Aug 20 2012,2,Vancouver,28thVan,bench,6,1.11,1,5.098712384,3.988712384,495.6048,4.956048,0.804817141,atkinson
508,699.9821428571429,11.666369047619048,Aug 20 2012,2,Vancouver,28thVan,bench,7,1.06,1,5.098712384,4.038712384,495.6048,4.956048,0.814905825,atkinson
509,631.875,10.53125,Aug 20 2012,2,Vancouver,28thVan,bench,8,1.34,1,5.098712384,3.758712384,495.6048,4.956048,0.758409197,atkinson
51,314.36538461538464,5.239423076923077,june 21 2012,1,gulfislands,EaglecoveGI,bench,8,1.18,1,2.906248298,1.726248298,361.4928,3.614928,0.477533245,fulford
510,629.0178571428571,10.483630952380953,Aug 20 2012,2,Vancouver,28thVan,bench,9,1.35,1,5.098712384,3.748712384,495.6048,4.956048,0.75639146,atkinson
511,649.4285714285714,10.823809523809524,Aug 20 2012,2,Vancouver,28thVan,bench,10,1.28,1,5.098712384,3.818712384,495.6048,4.956048,0.770515617,atkinson
512,707.0892857142857,11.784821428571428,Aug 20 2012,2,Vancouver,28thVan,bench,11,1.02,2,5.098712384,4.078712384,495.6048,4.956048,0.822976772,atkinson
513,717.375,11.95625,Aug 20 2012,2,Vancouver,28thVan,bench,12,0.95,2,5.098712384,4.148712384,495.6048,4.956048,0.837100929,atkinson
514,414.125,6.902083333333334,Aug 20 2012,2,Vancouver,28thVan,cobble,1,2.04,1,5.098712384,3.058712384,495.6048,4.956048,0.617167627,atkinson
515,384.39285714285717,6.406547619047619,Aug 20 2012,2,Vancouver,28thVan,cobble,2,2.17,2,5.098712384,2.928712384,495.6048,4.956048,0.59093705,atkinson
516,418.7857142857143,6.979761904761904,Aug 20 2012,2,Vancouver,28thVan,cobble,3,2.02,2,5.098712384,3.078712384,495.6048,4.956048,0.621203101,atkinson
517,469.32142857142856,7.8220238095238095,Aug 20 2012,2,Vancouver,28thVan,cobble,4,1.82,1,5.098712384,3.278712384,495.6048,4.956048,0.661557835,atkinson
518,575.6428571428571,9.594047619047618,Aug 20 2012,2,Vancouver,28thVan,cobble,5,1.51,1,5.098712384,3.588712384,495.6048,4.956048,0.724107673,atkinson
519,579.9821428571429,9.666369047619048,Aug 20 2012,2,Vancouver,28thVan,cobble,6,1.5,1,5.098712384,3.598712384,495.6048,4.956048,0.72612541,atkinson
52,311.9259259259259,5.1987654320987655,june 21 2012,1,gulfislands,EaglecoveGI,bench,9,1.14,1,2.906248298,1.766248298,361.4928,3.614928,0.488598472,fulford
520,545.8035714285714,9.096726190476192,Aug 20 2012,2,Vancouver,28thVan,cobble,7,1.59,1,5.098712384,3.508712384,495.6048,4.956048,0.707965779,atkinson
521,532.5535714285714,8.875892857142857,Aug 20 2012,2,Vancouver,28thVan,cobble,8,1.63,1,5.098712384,3.468712384,495.6048,4.956048,0.699894832,atkinson
522,461,7.683333333333334,Aug 20 2012,2,Vancouver,28thVan,cobble,9,1.85,1,5.098712384,3.248712384,495.6048,4.956048,0.655504625,atkinson
523,463.80357142857144,7.730059523809524,Aug 20 2012,2,Vancouver,28thVan,cobble,10,1.84,1,5.098712384,3.258712384,495.6048,4.956048,0.657522361,atkinson
524,471.98214285714283,7.866369047619047,Aug 20 2012,2,Vancouver,28thVan,cobble,11,1.81,2,5.098712384,3.288712384,495.6048,4.956048,0.663575572,atkinson
525,665.0535714285714,11.08422619047619,Aug 20 2012,2,Vancouver,CaulfieldCoveVan,bench,1,0.84,1,4.70965224,3.86965224,495.6048,4.956048,0.780793939,atkinson
526,580.4464285714286,9.674107142857142,Aug 20 2012,2,Vancouver,CaulfieldCoveVan,bench,2,1.11,1,4.70965224,3.59965224,495.6048,4.956048,0.726315048,atkinson
527,625.5535714285714,10.425892857142857,Aug 20 2012,2,Vancouver,CaulfieldCoveVan,bench,3,0.97,1,4.70965224,3.73965224,495.6048,4.956048,0.754563362,atkinson
528,567.5,9.458333333333334,Aug 20 2012,2,Vancouver,CaulfieldCoveVan,bench,4,1.14,2,4.70965224,3.56965224,495.6048,4.956048,0.720261838,atkinson
529,591.5357142857143,9.858928571428573,Aug 20 2012,2,Vancouver,CaulfieldCoveVan,bench,5,1.08,2,4.70965224,3.62965224,495.6048,4.956048,0.732368258,atkinson
53,306.2156862745098,5.10359477124183,june 21 2012,1,gulfislands,EaglecoveGI,bench,10,1.24,1,2.906248298,1.666248298,361.4928,3.614928,0.460935404,fulford
530,700.125,11.66875,Aug 20 2012,2,Vancouver,CaulfieldCoveVan,bench,6,0.67,2,4.70965224,4.03965224,495.6048,4.956048,0.815095463,atkinson
531,679.7857142857143,11.329761904761906,Aug 20 2012,2,Vancouver,CaulfieldCoveVan,bench,7,0.77,2,4.70965224,3.93965224,495.6048,4.956048,0.794918096,atkinson
532,687.0535714285714,11.450892857142858,Aug 20 2012,2,Vancouver,CaulfieldCoveVan,bench,8,0.74,2,4.70965224,3.96965224,495.6048,4.956048,0.800971306,atkinson
533,682.125,11.36875,Aug 20 2012,2,Vancouver,CaulfieldCoveVan,bench,9,0.76,2,4.70965224,3.94965224,495.6048,4.956048,0.796935833,atkinson
534,619.4821428571429,10.324702380952381,Aug 20 2012,2,Vancouver,CaulfieldCoveVan,bench,10,0.99,1,4.70965224,3.71965224,495.6048,4.956048,0.750527888,atkinson
535,563.6428571428571,9.394047619047619,Aug 20 2012,2,Vancouver,CaulfieldCoveVan,bench,11,1.15,2,4.70965224,3.55965224,495.6048,4.956048,0.718244101,atkinson
536,625.5535714285714,10.425892857142857,Aug 20 2012,2,Vancouver,CaulfieldCoveVan,bench,12,0.97,1,4.70965224,3.73965224,495.6048,4.956048,0.754563362,atkinson
537,437.39285714285717,7.289880952380953,Aug 20 2012,2,Vancouver,CaulfieldCoveVan,cobble,1,1.55,2,4.70965224,3.15965224,495.6048,4.956048,0.637534632,atkinson
538,443,7.383333333333334,Aug 20 2012,2,Vancouver,CaulfieldCoveVan,cobble,2,1.53,1,4.70965224,3.17965224,495.6048,4.956048,0.641570106,atkinson
539,453.17857142857144,7.5529761904761905,Aug 20 2012,2,Vancouver,CaulfieldCoveVan,cobble,3,1.49,2,4.70965224,3.21965224,495.6048,4.956048,0.649641053,atkinson
54,316.4259259259259,5.273765432098766,june 21 2012,1,gulfislands,EaglecoveGI,bench,11,1.12,1,2.906248298,1.786248298,361.4928,3.614928,0.494131086,fulford
540,448.125,7.46875,Aug 20 2012,2,Vancouver,CaulfieldCoveVan,cobble,4,1.51,1,4.70965224,3.19965224,495.6048,4.956048,0.645605579,atkinson
541,448.125,7.46875,Aug 20 2012,2,Vancouver,CaulfieldCoveVan,cobble,5,1.51,1,4.70965224,3.19965224,495.6048,4.956048,0.645605579,atkinson
542,443,7.383333333333334,Aug 20 2012,2,Vancouver,CaulfieldCoveVan,cobble,6,1.53,1,4.70965224,3.17965224,495.6048,4.956048,0.641570106,atkinson
543,556.0357142857143,9.267261904761906,Aug 20 2012,2,Vancouver,WhytecliffVan,bench,1,1.44,2,4.979024383,3.539024383,495.6048,4.956048,0.714081942,atkinson
544,514.7678571428571,8.579464285714286,Aug 20 2012,2,Vancouver,WhytecliffVan,bench,2,1.56,2,4.979024383,3.419024383,495.6048,4.956048,0.689869102,atkinson
545,499.57142857142856,8.326190476190476,Aug 20 2012,2,Vancouver,WhytecliffVan,bench,3,1.6,2,4.979024383,3.379024383,495.6048,4.956048,0.681798155,atkinson
546,601,10.016666666666667,Aug 20 2012,2,Vancouver,WhytecliffVan,bench,4,1.32,2,4.979024383,3.659024383,495.6048,4.956048,0.738294783,atkinson
547,673.2142857142857,11.220238095238095,Aug 20 2012,2,Vancouver,WhytecliffVan,bench,5,1.07,2,4.979024383,3.909024383,495.6048,4.956048,0.788738201,atkinson
548,549.1607142857143,9.152678571428572,Aug 20 2012,2,Vancouver,WhytecliffVan,bench,6,1.46,2,4.979024383,3.519024383,495.6048,4.956048,0.710046469,atkinson
549,556.0357142857143,9.267261904761906,Aug 20 2012,2,Vancouver,WhytecliffVan,bench,7,1.44,2,4.979024383,3.539024383,495.6048,4.956048,0.714081942,atkinson
55,325.3888888888889,5.423148148148148,june 21 2012,1,gulfislands,EaglecoveGI,bench,12,1.08,1,2.906248298,1.826248298,361.4928,3.614928,0.505196313,fulford
550,708.8571428571429,11.814285714285715,Aug 20 2012,2,Vancouver,WhytecliffVan,bench,8,0.89,2,4.979024383,4.089024383,495.6048,4.956048,0.825057462,atkinson
551,705.5357142857143,11.758928571428573,Aug 20 2012,2,Vancouver,WhytecliffVan,bench,9,0.91,2,4.979024383,4.069024383,495.6048,4.956048,0.821021988,atkinson
552,689.9107142857143,11.498511904761905,Aug 20 2012,2,Vancouver,WhytecliffVan,bench,10,1,1,4.979024383,3.979024383,495.6048,4.956048,0.802862358,atkinson
553,689.9107142857143,11.498511904761905,Aug 20 2012,2,Vancouver,WhytecliffVan,bench,11,1,1,4.979024383,3.979024383,495.6048,4.956048,0.802862358,atkinson
554,701.6607142857143,11.69434523809524,Aug 20 2012,2,Vancouver,WhytecliffVan,bench,12,0.93,1,4.979024383,4.049024383,495.6048,4.956048,0.816986515,atkinson
555,345.17857142857144,5.752976190476191,Aug 20 2012,2,Vancouver,WhytecliffVan,cobble,1,2.25,2,4.979024383,2.729024383,495.6048,4.956048,0.550645269,atkinson
556,430.5,7.175,Aug 20 2012,2,Vancouver,WhytecliffVan,cobble,2,1.85,1,4.979024383,3.129024383,495.6048,4.956048,0.631354737,atkinson
557,414.17857142857144,6.902976190476191,Aug 20 2012,2,Vancouver,WhytecliffVan,cobble,3,1.92,1,4.979024383,3.059024383,495.6048,4.956048,0.61723058,atkinson
558,392.8392857142857,6.547321428571428,Aug 20 2012,2,Vancouver,WhytecliffVan,cobble,4,2.01,1,4.979024383,2.969024383,495.6048,4.956048,0.59907095,atkinson
559,330.625,5.510416666666667,Aug 20 2012,2,Vancouver,WhytecliffVan,cobble,5,2.33,1,4.979024383,2.649024383,495.6048,4.956048,0.534503375,atkinson
56,191,3.183333333333333,june 21 2012,1,gulfislands,EaglecoveGI,cobble,1,2.13,1,2.906248298,0.776248298,361.4928,3.614928,0.214734097,fulford
560,345.17857142857144,5.752976190476191,Aug 20 2012,2,Vancouver,WhytecliffVan,cobble,6,2.25,2,4.979024383,2.729024383,495.6048,4.956048,0.550645269,atkinson
561,316.51785714285717,5.2752976190476195,Aug 20 2012,2,Vancouver,WhytecliffVan,cobble,7,2.4,1,4.979024383,2.579024383,495.6048,4.956048,0.520379218,atkinson
562,320.26785714285717,5.3377976190476195,Aug 20 2012,2,Vancouver,WhytecliffVan,cobble,8,2.38,2,4.979024383,2.599024383,495.6048,4.956048,0.524414691,atkinson
563,301.3090909090909,5.0218181818181815,Aug 20 2012,2,Vancouver,WhytecliffVan,cobble,9,2.51,2,4.979024383,2.469024383,495.6048,4.956048,0.498184114,atkinson
564,295.8909090909091,4.931515151515152,Aug 20 2012,2,Vancouver,WhytecliffVan,cobble,10,2.54,1,4.979024383,2.439024383,495.6048,4.956048,0.492130904,atkinson
565,301.3090909090909,5.0218181818181815,Aug 20 2012,2,Vancouver,WhytecliffVan,cobble,11,2.51,2,4.979024383,2.469024383,495.6048,4.956048,0.498184114,atkinson
566,291.2037037037037,4.853395061728395,Aug 20 2012,2,Vancouver,WhytecliffVan,cobble,12,2.6,2,4.979024383,2.379024383,495.6048,4.956048,0.480024484,atkinson
567,695.0892857142857,11.584821428571427,Aug 20 2012,2,Vancouver,CopperCoveVan,bench,1,0.24,2,4.246242609,4.006242609,495.6048,4.956048,0.808354279,atkinson
568,645.6785714285714,10.761309523809524,Aug 20 2012,2,Vancouver,CopperCoveVan,bench,2,0.44,2,4.246242609,3.806242609,495.6048,4.956048,0.767999545,atkinson
569,666.9464285714286,11.115773809523809,Aug 20 2012,2,Vancouver,CopperCoveVan,bench,3,0.37,2,4.246242609,3.876242609,495.6048,4.956048,0.782123702,atkinson
57,194.5,3.2416666666666667,june 21 2012,1,gulfislands,EaglecoveGI,cobble,2,2.1,2,2.906248298,0.806248298,361.4928,3.614928,0.223033017,fulford
570,702.8214285714286,11.713690476190475,Aug 20 2012,2,Vancouver,CopperCoveVan,bench,4,0.19,1,4.246242609,4.056242609,495.6048,4.956048,0.818442963,atkinson
571,697.9285714285714,11.632142857142858,Aug 20 2012,2,Vancouver,CopperCoveVan,bench,5,0.22,1,4.246242609,4.026242609,495.6048,4.956048,0.812389753,atkinson
572,696.5357142857143,11.608928571428573,Aug 20 2012,2,Vancouver,CopperCoveVan,bench,6,0.23,1,4.246242609,4.016242609,495.6048,4.956048,0.810372016,atkinson
573,716.9821428571429,11.949702380952381,Aug 20 2012,2,Vancouver,CopperCoveVan,bench,7,0.1,1,4.246242609,4.146242609,495.6048,4.956048,0.836602593,atkinson
574,636.9285714285714,10.61547619047619,Aug 20 2012,2,Vancouver,CopperCoveVan,bench,8,0.47,2,4.246242609,3.776242609,495.6048,4.956048,0.761946335,atkinson
575,485.01785714285717,8.083630952380952,Aug 20 2012,2,Vancouver,CopperCoveVan,cobble,1,0.91,2,4.246242609,3.336242609,495.6048,4.956048,0.673165919,atkinson
576,371.32142857142856,6.188690476190476,Aug 20 2012,2,Vancouver,CopperCoveVan,cobble,2,1.38,2,4.246242609,2.866242609,495.6048,4.956048,0.578332294,atkinson
577,390.1607142857143,6.5026785714285715,Aug 20 2012,2,Vancouver,CopperCoveVan,cobble,3,1.29,2,4.246242609,2.956242609,495.6048,4.956048,0.596491924,atkinson
578,373.2857142857143,6.2214285714285715,Aug 20 2012,2,Vancouver,CopperCoveVan,cobble,4,1.37,2,4.246242609,2.876242609,495.6048,4.956048,0.580350031,atkinson
579,388.0892857142857,6.468154761904762,Aug 20 2012,2,Vancouver,CopperCoveVan,cobble,5,1.3,1,4.246242609,2.946242609,495.6048,4.956048,0.594474188,atkinson
58,182.96,3.0493333333333337,june 21 2012,1,gulfislands,EaglecoveGI,cobble,3,2.15,2,2.906248298,0.756248298,361.4928,3.614928,0.209201483,fulford
580,425.25,7.0875,Aug 20 2012,2,Vancouver,CopperCoveVan,cobble,6,1.14,1,4.246242609,3.106242609,495.6048,4.956048,0.626757975,atkinson
581,394.23214285714283,6.570535714285714,Aug 20 2012,2,Vancouver,CopperCoveVan,cobble,7,1.27,2,4.246242609,2.976242609,495.6048,4.956048,0.600527398,atkinson
582,396.32142857142856,6.605357142857143,Aug 20 2012,2,Vancouver,CopperCoveVan,cobble,8,1.26,2,4.246242609,2.986242609,495.6048,4.956048,0.602545135,atkinson
583,392.23214285714283,6.5372023809523805,Aug 20 2012,2,Vancouver,CopperCoveVan,cobble,9,1.28,1,4.246242609,2.966242609,495.6048,4.956048,0.598509661,atkinson
584,434.39285714285717,7.239880952380953,Aug 20 2012,2,Vancouver,CopperCoveVan,cobble,10,1.1,2,4.246242609,3.146242609,495.6048,4.956048,0.634828922,atkinson
585,410.9642857142857,6.849404761904762,Aug 20 2012,2,Vancouver,CopperCoveVan,cobble,11,1.2,1,4.246242609,3.046242609,495.6048,4.956048,0.614651555,atkinson
586,444.67857142857144,7.411309523809524,Aug 20 2012,2,Vancouver,CopperCoveVan,cobble,12,1.06,2,4.246242609,3.186242609,495.6048,4.956048,0.642899869,atkinson
59,224.63636363636363,3.7439393939393937,june 21 2012,1,gulfislands,EaglecoveGI,cobble,4,1.92,1,2.906248298,0.986248298,361.4928,3.614928,0.27282654,fulford
6,535.6785714285714,8.92797619047619,june 21 2012,1,gulfislands,RuckleGI,bench,6,1.96,1,4.451281333,2.491281333,361.4928,3.614928,0.689164856,fulford
60,127.75,2.129166666666667,june 21 2012,1,gulfislands,EaglecoveGI,cobble,5,2.7,1,2.906248298,0.206248298,361.4928,3.614928,0.057054608,fulford
61,118.75,1.9791666666666667,june 21 2012,1,gulfislands,EaglecoveGI,cobble,6,2.72,1,2.906248298,0.186248298,361.4928,3.614928,0.051521994,fulford
62,108.83333333333333,1.8138888888888889,june 21 2012,1,gulfislands,EaglecoveGI,cobble,7,2.66,1,2.906248298,0.246248298,361.4928,3.614928,0.068119835,fulford
63,190.78125,3.1796875,june 21 2012,1,gulfislands,SookesGI,cobble,1,1.74,2,2.625602967,0.885602967,361.4928,3.614928,0.244984953,fulford
64,189.5,3.158333333333333,june 21 2012,1,gulfislands,SookesGI,cobble,2,1.77,1,2.625602967,0.855602967,361.4928,3.614928,0.236686033,fulford
65,195.03703703703704,3.2506172839506173,june 21 2012,1,gulfislands,SookesGI,cobble,3,1.8,1,2.625602967,0.825602967,361.4928,3.614928,0.228387112,fulford
66,194.6,3.243333333333333,june 21 2012,1,gulfislands,SookesGI,cobble,4,1.84,2,2.625602967,0.785602967,361.4928,3.614928,0.217321885,fulford
67,182.6315789473684,3.043859649122807,june 21 2012,1,gulfislands,SookesGI,cobble,5,1.96,1,2.625602967,0.665602967,361.4928,3.614928,0.184126203,fulford
68,189.5,3.158333333333333,june 21 2012,1,gulfislands,SookesGI,cobble,6,1.77,2,2.625602967,0.855602967,361.4928,3.614928,0.236686033,fulford
69,165.05882352941177,2.7509803921568627,june 21 2012,1,gulfislands,SookesGI,cobble,7,2.04,1,2.625602967,0.585602967,361.4928,3.614928,0.161995748,fulford
7,653.4821428571429,10.891369047619047,june 21 2012,1,gulfislands,RuckleGI,bench,7,1.64,1,4.451281333,2.811281333,361.4928,3.614928,0.777686674,fulford
70,149.58823529411765,2.493137254901961,june 21 2012,1,gulfislands,SookesGI,cobble,8,2.07,1,2.625602967,0.555602967,361.4928,3.614928,0.153696828,fulford
71,149.58823529411765,2.493137254901961,june 21 2012,1,gulfislands,SookesGI,cobble,9,2.07,2,2.625602967,0.555602967,361.4928,3.614928,0.153696828,fulford
72,149.14285714285714,2.4857142857142858,june 21 2012,1,gulfislands,SookesGI,cobble,10,2.12,2,2.625602967,0.505602967,361.4928,3.614928,0.139865294,fulford
73,165.05882352941177,2.7509803921568627,june 21 2012,1,gulfislands,SookesGI,cobble,11,2.04,2,2.625602967,0.585602967,361.4928,3.614928,0.161995748,fulford
74,175.10526315789474,2.918421052631579,june 21 2012,1,gulfislands,SookesGI,cobble,12,1.98,2,2.625602967,0.645602967,361.4928,3.614928,0.178593589,fulford
75,329.6296296296296,5.493827160493827,june 21 2012,1,gulfislands,SookesGI,bench,1,0.78,1,2.625602967,1.845602967,361.4928,3.614928,0.510550408,fulford
76,369.25,6.154166666666667,june 21 2012,1,gulfislands,SookesGI,bench,2,0.59,2,2.625602967,2.035602967,361.4928,3.614928,0.563110238,fulford
77,344.25454545454545,5.737575757575757,june 21 2012,1,gulfislands,SookesGI,bench,3,0.7,1,2.625602967,1.925602967,361.4928,3.614928,0.532680863,fulford
78,311.7037037037037,5.1950617283950615,june 21 2012,1,gulfislands,SookesGI,bench,4,0.86,1,2.625602967,1.765602967,361.4928,3.614928,0.488419954,fulford
79,420.85714285714283,7.014285714285714,june 21 2012,1,gulfislands,SookesGI,bench,5,0.41,2,2.625602967,2.215602967,361.4928,3.614928,0.612903761,fulford
8,637.7678571428571,10.629464285714285,june 21 2012,1,gulfislands,RuckleGI,bench,8,1.69,2,4.451281333,2.761281333,361.4928,3.614928,0.76385514,fulford
80,390.5892857142857,6.509821428571429,june 21 2012,1,gulfislands,SookesGI,bench,6,0.51,2,2.625602967,2.115602967,361.4928,3.614928,0.585240693,fulford
81,338.94545454545454,5.649090909090909,june 21 2012,1,gulfislands,SookesGI,bench,7,0.72,2,2.625602967,1.905602967,361.4928,3.614928,0.527148249,fulford
82,338.94545454545454,5.649090909090909,june 21 2012,1,gulfislands,SookesGI,bench,8,0.72,1,2.625602967,1.905602967,361.4928,3.614928,0.527148249,fulford
83,414.4642857142857,6.907738095238096,june 21 2012,1,gulfislands,SookesGI,bench,9,0.43,2,2.625602967,2.195602967,361.4928,3.614928,0.607371147,fulford
84,323.01851851851853,5.383641975308643,june 21 2012,1,gulfislands,SookesGI,bench,10,0.81,1,2.625602967,1.815602967,361.4928,3.614928,0.502251488,fulford
85,361.19642857142856,6.019940476190476,june 21 2012,1,gulfislands,SookesGI,bench,11,0.62,2,2.625602967,2.005602967,361.4928,3.614928,0.554811318,fulford
86,369.25,6.154166666666667,june 21 2012,1,gulfislands,SookesGI,bench,12,0.59,1,2.625602967,2.035602967,361.4928,3.614928,0.563110238,fulford
87,443.39285714285717,7.3898809523809526,june 21 2012,1,gulfislands,WelburyGI,cobble,1,0.94,1,3.286125571,2.346125571,367.8936,3.678936,0.637718507,ganges
88,455.69642857142856,7.594940476190476,june 21 2012,1,gulfislands,WelburyGI,cobble,2,0.91,2,3.286125571,2.376125571,367.8936,3.678936,0.645873038,ganges
89,421.32142857142856,7.02202380952381,june 21 2012,1,gulfislands,WelburyGI,cobble,3,1,2,3.286125571,2.286125571,367.8936,3.678936,0.621409443,ganges
9,413.0357142857143,6.883928571428571,june 21 2012,1,gulfislands,RuckleGI,bench,9,2.26,2,4.451281333,2.191281333,361.4928,3.614928,0.606175651,fulford
90,391.55357142857144,6.525892857142858,june 21 2012,1,gulfislands,WelburyGI,cobble,4,1.1,2,3.286125571,2.186125571,367.8936,3.678936,0.594227671,ganges
91,323.74545454545455,5.3957575757575755,june 21 2012,1,gulfislands,WelburyGI,cobble,5,1.38,2,3.286125571,1.906125571,367.8936,3.678936,0.518118709,ganges
92,455.69642857142856,7.594940476190476,june 21 2012,1,gulfislands,WelburyGI,bench,1,0.91,2,3.286125571,2.376125571,367.8936,3.678936,0.645873038,ganges
93,492.94642857142856,8.215773809523808,june 21 2012,1,gulfislands,WelburyGI,bench,2,0.82,2,3.286125571,2.466125571,367.8936,3.678936,0.670336633,ganges
94,674.375,11.239583333333334,june 21 2012,1,gulfislands,WelburyGI,bench,3,0.35,1,3.286125571,2.936125571,367.8936,3.678936,0.798090962,ganges
95,639.6428571428571,10.660714285714285,june 21 2012,1,gulfislands,WelburyGI,bench,4,0.46,1,3.286125571,2.826125571,367.8936,3.678936,0.768191013,ganges
96,579.375,9.65625,june 21 2012,1,gulfislands,WelburyGI,bench,5,0.62,2,3.286125571,2.666125571,367.8936,3.678936,0.724700177,ganges
97,513.5357142857143,8.558928571428572,june 21 2012,1,gulfislands,WelburyGI,bench,6,0.77,2,3.286125571,2.516125571,367.8936,3.678936,0.683927519,ganges
98,545.8392857142857,9.097321428571428,june 21 2012,1,gulfislands,WelburyGI,bench,7,0.7,2,3.286125571,2.586125571,367.8936,3.678936,0.70295476,ganges
99,694.8035714285714,11.580059523809524,june 21 2012,1,gulfislands,WelburyGI,bench,8,0.28,1,3.286125571,3.006125571,367.8936,3.678936,0.817118203,ganges
